ID,Name,Title,Description,Maintainer,Maintainer Email,Created Date,Last Updated Date,Data Category,Data Language,Geo Coverage,Update Frequency,Objective,Tags,Resource Formats,Resource URLs
"de016500-d359-4c9b-932e-d95284bdbd15","dcce-policy-strategies","แผนปฏิบัติราชการ","แสดงแผนยุทธศาสตร์หรือแผนพัฒนาของหน่วยงานที่มีระยะมากกว่า 1 และมีระยะเวลาบังคับใช้ครอบคลุมปีงบประมาณ พ.ศ. 2569 โดยมีรายละเอียดอย่างน้อยประกอบด้วย
(1) ยุทธศาสตร์หรือแนวทาง
(2) เป้าหมาย
(3) ตัวชี้วัด
แผนปฏิบัติราชการ ระยะ 5 ปี กรมการเปลี่ยนแปลงสภาพภูมิอากาศและสิ่งแวดล้อม ดำเนินการตามพระราชกฤษฎีกาว่าด้วยหลักเกณฑ์และวิธีการบริหารกิจการบ้านเมืองที่ดี พ.ศ. 2546 (และที่แก้ไขเพิ่มเติม) มาตรา 9 และ มาตรา 16 ซึ่งกำหนดให้ส่วนราชการจัดทำแผนปฏิบัติราชการ 5 ปี ที่ต้องสอดคล้องกับยุทธศาสตร์ชาติ แผนแม่บท แผนการปฏิรูปประเทศ แผนพัฒนาเศรษฐกิจและสังคมแห่งชาติ และนโยบายคณะรัฐมนตรี เพื่อให้เกิดประโยชน์สุข ผลสัมฤทธิ์ และความคุ้มค่า โดยส่วนราชการ ต้องนำแผนปฏิบัติราชการ 5 ปี  ที่ผ่านความเห็นชอบจากรัฐมนตรีเจ้าสังกัด (แผนระดับที่ 3) เข้าสู่ระบบการติดตามและประเมินผลแห่งชาติ (eMENSCR) เพื่อรายงานผลสัมฤทธิ์ต่อไป","สำนักงานเลขานุการกรม","plandcce2025@gmail.com","2024-06-12","2026-05-06","ข้อมูลสาธารณะ","ไทย","ไม่มี","ปี","เพื่อการให้บริการประชาชน, พันธกิจหน่วยงาน, อื่นๆ","ITA, OIT, การเปิดเผยข้อมูลสาธารณะ, นโยบาย, แผนงาน, แผนปฏิบัติราชการ, แผนพัฒนาหน่วยงาน, แผนยุทธศาสตร์","PDF, PDF, CSV","https://www.dcce.go.th/wp-content/uploads/2024/06/แผนปฏิบัติราชการระยะ-5-ปี-พ.ศ.-2566-2570.pdf, https://www.dcce.go.th/wp-content/uploads/2025/06/แผนปฏิบัติราชการระยะ-5-ปี-พ.ศ.2566-2570-ฉบับปรับปรุง-พ.ศ.-2568-1.pdf, https://dgf.dcce.go.th/dataset/de016500-d359-4c9b-932e-d95284bdbd15/resource/cebee5e4-5cfe-46c5-bee8-e8cbec52c383/download/untitled.csv"
"1f772d6e-a230-42f3-9ddf-08ffdd932f31","director_dcce","ข้อมูลผู้บริหาร","ข้อมูลผู้บริหารกรมการเปลี่ยนแปลงสภาพภูมิอากาศและสิ่งแวดล้อม(กรมฯ) เป็นบัญชีข้อมูลที่มีวัตถุประสงค์เพื่อการเปิิดเผยข้้อมููลสาธารณะ สำหรับเผยแพร่ต่อสาธารณชน โดยที่ประชาชนสามารถเข้้าถึึงข้้อมููลได้้จากเว็็บไซต์์หลัักของกรมฯ  โดยข้อมูลในบัญชีนี้ ประกอบด้วย คำนำหน้านาม ชื่อ ชื่อสุกล ชื่อตำแหน่ง ประเภทตำแหน่ง ระดับตำแหน่ง สังกัด หน่วยงานภายใต้การกำกับดูแลหรือการมอบหมายหน้าที่ ช่องทางการติดต่อ (หมายเลขโทรศัพท์) ช่องทางการติดต่อ (ไปรษณีย์อิเล็กทรอนิกส์) และรูปถ่าย","กลุ่มบริหารทรัพยากรบุคคล","hr_dcce@dcce.mail.go.th","2026-05-11","2026-05-11","ข้อมูลสาธารณะ","ไทย","ไม่มี","ครึ่งปี","เพื่อการให้บริการประชาชน, กฎหมายที่เกี่ยวข้อง, อื่นๆ","ITA, OIT, การเปิดเผยข้อมูลสาธารณะ, ข้อมูลข้าราชการ, ข้อมูลบุคลากร, ข้อมูลผู้บริหาร, ข้าราชการ, งานบริหารทรัพยากรบุคคล, งานบุคคล, บุคลากร, ผู้บริหาร","CSV","https://dgf.dcce.go.th/dataset/1f772d6e-a230-42f3-9ddf-08ffdd932f31/resource/011c76f8-d279-41af-b20c-a0f4b33c2f77/download/untitled.csv"
"8ca86986-ffa1-4465-827b-93dedfc46966","db0606-002","รายชื่อองค์กรปกครองส่วนท้องถิ่นที่ได้รับรางวัลชนะเลิศเมืองสิ่งแวดล้อมยั่งยืน","รายชื่อองค์กรปกครองส่วนท้องถิ่นที่ได้รับรางวัลชนะเลิศเมืองสิ่งแวดล้อมยั่งยืน หมายถึง รายชื่อของเทศบาลหรือองค์การบริหารส่วนตำบลที่ได้รับการคัดเลือกและประกาศเกียรติคุณให้เป็นผู้ชนะเลิศในโครงการเมืองสิ่งแวดล้อมยั่งยืน ซึ่งจัดโดยกรมการเปลี่ยนแปลงสภาพภูมิอากาศและสิ่งแวดล้อม กระทรวงทรัพยากรธรรมชาติและสิ่งแวดล้อม เพื่อยกย่องและเชิดชูองค์กรปกครองส่วนท้องถิ่นที่มีการบริหารจัดการเมืองอย่างมีประสิทธิภาพในด้านสิ่งแวดล้อม สังคม เศรษฐกิจ และธรรมาภิบาล โดยผ่านเกณฑ์การประเมินมาตรฐานใน 4 มิติ ได้แก่ เมืองอยู่ดี คนมีสุข สิ่งแวดล้อมยั่งยืน 
เมืองแห่งการบริหารจัดการที่ดี","กลุ่มส่งเสริมการจัดการสิ่งแวดล้อมเมืองยั่งยืน","sustainablecitydcce@gmail.com","2012-07-13","2026-03-20","ข้อมูลสาธารณะ","ไทย","เทศบาล/อบต.","ปี","แผนแม่บทภายใต้ยุทธศาสตร์ชาติ","เมืองสิ่งแวดล้อมยั่งยืน","XLS","https://dgf.dcce.go.th/dataset/8ca86986-ffa1-4465-827b-93dedfc46966/resource/4b252b2c-a67a-42d9-a281-2196a9a8d318/download/untitled.xlsx"
"a239515b-3044-49d4-a16c-a009be2b0295","db0307-001","รายชื่อโรงเรียนที่ได้รับการรับรองเป็นโรงเรียนอีโคสคูล ตามระดับ","           โรงเรียนอีโคสคูล (Eco-School) คือ โรงเรียนที่มีการพัฒนาโรงเรียนทั้งระบบ (Whole School Approach) เพื่อสนับสนุนกระบวนการเรียนรู้ที่ส่งเสริมและพัฒนานักเรียนให้เติบโตขึ้น เป็นพลเมืองที่มีความรับผิดชอบ ตระหนักต่อปัญหาสิ่งแวดล้อมและการพัฒนาของท้องถิ่น มีความรู้ ความเข้าใจ อันเป็นผลจากกระบวนการเรียนรู้และการลงมือปฏิบัติจริง และพร้อมที่จะเข้าไปมีบทบาท ในการป้องกัน ฟื้นฟู รักษา และใช้ประโยชน์จากสิ่งแวดล้อมอย่างยั่งยืนต่อไป 
           ปัจจุบัน (2568) มี ร.ร.อีโคสคูล ระดับต้นจำนวน 1,753 โรงเรียน / ร.ร.อีโคสคูล ระดับกลาง จำนวน 105 โรงเรียน และ ร.ร.อีโคสคูล ระดับสูงจำนวน 12 โรงเรียน","กองขับเคลื่อนการปรับตัวต่อการเปลี่ยนแปลงสภาพภูมิอากาศ","thailandecoschool@gmail.com","2022-04-28","2025-07-02","ข้อมูลสาธารณะ","ไทย","จังหวัด","ปี","พันธกิจหน่วยงาน","สิ่งแวดล้อมศึกาษา, อีโคสคูล, โรงเรียน","PDF, PDF, PDF, PDF, PDF, PDF, PDF, PDF, PDF","https://dgf.dcce.go.th/dataset/a239515b-3044-49d4-a16c-a009be2b0295/resource/8a0043b0-c837-4c2f-897e-894e3c5437f0/download/untitled.pdf, https://dgf.dcce.go.th/dataset/a239515b-3044-49d4-a16c-a009be2b0295/resource/f181e54a-558a-4cfd-b45b-6426866b0d0f/download/untitled.pdf, https://dgf.dcce.go.th/dataset/a239515b-3044-49d4-a16c-a009be2b0295/resource/c5456ade-46ef-418a-8821-2e3c1fa18a48/download/untitled.pdf, https://dgf.dcce.go.th/dataset/a239515b-3044-49d4-a16c-a009be2b0295/resource/252335dd-efed-4a37-8e1b-fa936adb554c/download/untitled.pdf, https://dgf.dcce.go.th/dataset/a239515b-3044-49d4-a16c-a009be2b0295/resource/8f338888-5443-4f21-81cb-a24b24aaa937/download/untitled.pdf, https://dgf.dcce.go.th/dataset/a239515b-3044-49d4-a16c-a009be2b0295/resource/6c1eb212-7d0e-4f7e-8fdd-baffd35cc946/download/untitled.pdf, https://dgf.dcce.go.th/dataset/a239515b-3044-49d4-a16c-a009be2b0295/resource/43fe1324-38cd-4f90-bdc9-6142a38318f8/download/untitled.pdf, https://dgf.dcce.go.th/dataset/a239515b-3044-49d4-a16c-a009be2b0295/resource/01ed514e-f977-4d47-b2e6-063eb57a4dcf/download/untitled.pdf, https://dgf.dcce.go.th/dataset/a239515b-3044-49d4-a16c-a009be2b0295/resource/c7e22953-2c03-4daa-979d-da6d1d30f878/download/untitled.pdf"
"94148d71-c60d-4586-b70e-ebb1aaa2b9ae","db0303-001","ข้อมูลความเสี่ยงจากการเปลี่ยนแปลงสภาพภูมิอากาศ","ข้อมูลความเสี่ยงเชิงพื้นที่จากการเปลี่ยนแปลงสภาพภมิอากาศทั้ง 6 สาขา ได้แก่ การจัดการน้ำ การเกษตรและความมั่นคงทางอาหาร การท่องเที่ยว สาธารณสุข การจัดการทรัพยากรธรรมชาติ และการตั้งถิ่นฐานและความมั่นคงของมนุษย์ เป็นฐานข้อมูลที่คํานวณจากข้อมูล 2 ส่วนหลัก ได้แก่ ข้อมูลการคาดการณ์ภูมิอากาศ (Climate Projection) จากการย่อส่วนแบบจําลองภูมิอากาศโลก และข้อมูลที่ไม่ใช่ภูมิอากาศ ซึ่งรวบรวมจากข้อมูลสถิติทางเศรษฐกิจ สังคม สิ่งแวดล้อม รวมถึง ข้อมูลทางกายภาพอื่น ๆ ที่เกี่ยวข้อง ข้อมูลการคาดการณ์ภูมิอากาศ ดังกล่าวใช้ในการประเมินดัชนีภัยอันตรายจากภูมิอากาศ 3 ด้าน ได้แก่ ภัยอันตรายจากความร้อน น้าท่วม และน้ำแล้ง โดยแต่ละสาขามีตัวแปรที่แตกต่างกันตามบริบทและมิติของสาขา","กองขับเคลื่อนการปรับตัวต่อการเปลี่ยนแปลงสภาพภูมิอากาศ","climaterisk.adapt@gmail.com","2024-08-22","2021-09-30","ข้อมูลสาธารณะ","ไทย","จังหวัด","ปี","เพื่อการให้บริการประชาชน, พันธกิจหน่วยงาน","climate change, การปรับตัว, การเปลี่ยนแปลงสภาพภูมิอากาศ, ความเสี่ยง, ฐานข้อมูลความเสี่ยง, น้ำท่วม, น้ำแล้ง, ภัยแล้ง, แผนที่ความเสี่ยง","HTML","https://ccic.dcce.go.th/riskarea"
"731a8461-1757-4c1f-8eee-69d763304ece","db-4-3-1","ปริมาณการลดก๊าซเรือนกระจก ภายใต้ NDC 2030","ปริมาณการลดก๊าซเรือนกระจก ภายใต้ NDC แยกมาตรการ จาก 5 สาขา ได้แก่ สาขาพลังงาน คมนาคมขนส่ง กระบวนการอุตสาหกรรมและการใช้ผลิตภัณฑ์ การจัดการของเสียชุมชนและน้ำเสียอุตสาหกรรม และเกษตร ปี พ.ศ. 2564–2573","กลุ่มประเมินผลการลดก๊าซเรือนกระจก","gres@dcce.mail.go.th","2024-07-31T08:37:16.010111","2025-07-07","ข้อมูลสาธารณะ","ไทย","ประเทศ","ปี","ยุทธศาสตร์ชาติ","Climate Change, IPCC, NDC, UNFCCC, ghg reduction, การเปลี่ยนแปลงสภาพภูมิอากาศ, ก๊าซเรือนกระจก, คาร์บอน, ปริมาณการลดก๊าซเรือนกระจก ภายใต้ NDC, ผลการลดก๊าซเรือนกระจก","CSV","https://dgf.dcce.go.th/dataset/731a8461-1757-4c1f-8eee-69d763304ece/resource/27929ada-d340-498b-9045-49ab1afad6f3/download/ghg-reduction_ndc_2564-2573.csv"
"9fb48e26-67fc-4336-a35d-aeae6b165675","dataset_o22","รายงานผลการดำเนินการตามแผนบริหารจัดการความเสี่ยงการทุจริตของหน่วยงาน","แสดงข้อมูลรายงานการประเมินความเสี่ยงการทุจริตของหน่วยงานภาครัฐ ประจำปีงบประมาณ พ.ศ. 2568 ที่มีรายละเอียดอย่างน้อยประกอบด้วย
(1) ประเด็นความเสี่ยงการทุจริต
(2) ระดับของความเสี่ยง
(3) วิธีการในการบริหารจัดการความเสี่ยง
(4) ผลการดำเนินการตามวิธีการในการบริหารจัดการความเสี่ยง","กลุ่มงานจริยธรรม","deqp_ethics@hotmail.com","2025-11-24","2026-05-06","ข้อมูลสาธารณะ","ไทย","ไม่มี","ปี","ยุทธศาสตร์ชาติ, แผนแม่บทภายใต้ยุทธศาสตร์ชาติ, แผนระดับที่ 3 (มติครม. 4 ธ.ค. 2560), นโยบายรัฐบาล/ข้อสั่งการนายกรัฐมนตรี, มติคณะรัฐมนตรี, กฎหมายที่เกี่ยวข้อง, พันธกิจหน่วยงาน, ดัชนี/ตัวชี้วัดระดับนานาชาติ, อื่นๆ","ITA, OIT, การทุจริตของหน่วยงาน, การเปิดเผยข้อมูลสาธารณะ, ความเสี่ยงการทุจริต, แผนบริหารจัดการความเสี่ยง","PDF, CSV","https://www.dcce.go.th/wp-content/uploads/2026/04/รายงานผลการดำเนินการเพื่อจัดการความเสี่ยง-2568.pdf, https://dgf.dcce.go.th/dataset/9fb48e26-67fc-4336-a35d-aeae6b165675/resource/c3bb85ac-97f5-4547-8609-0c74240d2a08/download/untitled.csv"
"54a41c5b-4762-4d39-b5f5-d832b86a4aaf","dataset_o9","คู่มือหรือแนวทางการขอรับบริการสำหรับผู้รับบริการหรือผู้มาติดต่อ","แสดงคู่มือการขอรับบริการหรือแนวทางการปฏิบัติที่ผู้รับบริการหรือผู้มาติดต่อกับหน่วยงานใช้เป็นข้อมูลในการขอรับบริการหรือติดต่อกับหน่วยงาน โดยมีรายละเอียดของแต่ละงาน อย่างน้อยประกอบด้วย 
(1) ชื่องาน
(2) วิธีการขั้นตอนการขอรับบริการ 
(3) ระยะเวลาที่ใช้ในการขอรับบริการ
(4) ช่องทางให้บริการ เช่น สถานที่ ส่วนงานที่รับผิดชอบ E-service One Stop Service
(5) ค่าธรรมเนียม
(6) รายการเอกสารหลักฐานประกอบการยื่นคำขอรับบริการ

","กลุ่มพัฒนาระบบบริหาร","psd_deqp@dcce.mail.go.th","2025-04-02","2026-05-08","ข้อมูลสาธารณะ","ไทย","ไม่มี","อื่นๆ","ยุทธศาสตร์ชาติ, แผนพัฒนาเศรษฐกิจและสังคมแห่งชาติ, แผนความมั่นคงแห่งชาติ, แผนแม่บทภายใต้ยุทธศาสตร์ชาติ, แผนปฏิรูปประเทศ, แผนระดับที่ 3 (มติครม. 4 ธ.ค. 2560), นโยบายรัฐบาล/ข้อสั่งการนายกรัฐมนตรี, มติคณะรัฐมนตรี, เพื่อการให้บริการประชาชน, กฎหมายที่เกี่ยวข้อง, พันธกิจหน่วยงาน, อื่นๆ","ITA, OIT, การเปิดเผยข้อมูลสาธารณะ, คู่มือ, คู่มือการปฏิบัติงาน, คู่มือการให้บริการ, ผู้รับบริการ","PDF, PDF, PDF, PDF, PDF, PDF, CSV","https://www.dcce.go.th/wp-content/uploads/2025/10/คู่มือการให้บริการ_แนวทางปฏิบัติผู้รับบริการไดออกซิน.pdf, https://www.dcce.go.th/wp-content/uploads/2025/10/กสบ.-คู่มือการขึ้นทะเบียนหน่วยงานรับดำเนินงานตรวจประเมิน-G-Green.pdf, https://www.dcce.go.th/wp-content/uploads/2025/10/คู่มือประเมินเมืองสิ่งแวดล้อมยั่งยืน-68.pdf, https://www.dcce.go.th/wp-content/uploads/2025/10/คู่มือการจดทะเบียน-NGOs-ฉบับภาษาไทย.pdf, https://www.dcce.go.th/wp-content/uploads/2025/04/คู่มือการให้บริการ-งานบริการข้อมูลข่าวสารของราชการ-ตาม-พรบ.ข้อมูลข่าวสารของราชการ-พ.ศ.-2540-O11.pdf, https://www.dcce.go.th/wp-content/uploads/2025/04/คู่มือประชาชน-3-งานบริการสื่อ-2567.pdf, https://dgf.dcce.go.th/dataset/54a41c5b-4762-4d39-b5f5-d832b86a4aaf/resource/08bffa3b-a5df-458a-92fc-30b9e13e85f7/download/untitled.csv"
"00eb55f3-c1dd-429d-9dc2-19bafed8521c","complain-guideline","แนวปฏิบัติการจัดการเรื่องร้องเรียนการทุจริตและประพฤติมิชอบ","แสดงคู่มือหรือแนวทางการดำเนินการต่อเรื่องร้องเรียนการทุจริตและประพฤติมิชอบของเจ้าหน้าที่ของหน่วยงาน ที่มีรายละเอียดอย่างน้อยประกอบด้วย 
(1) รายละเอียดของข้อมูลที่ผู้ร้องควรรู้เพื่อใช้ในการร้องเรียน เช่น ชื่อ-สกุล ของผู้ถูกร้อง ช่วงเวลาการกระทำความผิด พฤติการณ์การทุจริตและประพฤติมิชอบ 
(2) ช่องทางแจ้งเรื่องร้องเรียนการทุจริตและประพฤติมิชอบ 
(3) ขั้นตอนหรือวิธีการในการจัดการเรื่องร้องเรียนการทุจริตและประพฤติมิชอบ 
(4) ส่วนงานที่รับผิดชอบ 
(5) ระยะเวลาที่ใช้ในการดำเนินการ","กลุ่มกฎหมาย","legalaffairs.dcce@gmail.com","2025-04-11","2026-05-06","ข้อมูลสาธารณะ","ไทย","ไม่มี","อื่นๆ","เพื่อการให้บริการประชาชน, พันธกิจหน่วยงาน, อื่นๆ","ITA, OIT, การทุจริตและประพฤติมิชอบ, การร้องเรียนการทุจริต, การเปิดเผยข้อมูลสาธารณะ","PDF, CSV","https://www.dcce.go.th/wp-content/uploads/2025/04/คู่มือปฏิบัติงาน-การดำเนินการเรื่องร้องเรียนการทุจริตและประพฤติมิชอบ.pdf, https://dgf.dcce.go.th/dataset/00eb55f3-c1dd-429d-9dc2-19bafed8521c/resource/a4eb3ff0-c287-497e-8b00-c7bb624ab783/download/untitled.csv"
"df2a46df-cc63-4230-a285-63e3072a0573","2568","รายงานผลการดำเนินงานตามแผนปฏิบัติราชการ","แสดงผลการดำเนินงานตามแผนดำเนินงาน ประจำปีงบประมาณ พ.ศ. 2568 โดยมีรายละเอียดอย่างน้อยประกอบด้วย 
(1) ผลการดำเนินงานของแต่ละโครงการหรือกิจกรรม 
(2) งบประมาณที่ได้รับจัดสรรแต่ละโครงการหรือกิจกรรม
(3) ผลการใช้จ่ายงบประมาณที่ใช้ดำเนินงานแต่ละโครงการหรือกิจกรรม
(4) ช่วงระยะเวลาในการดำเนินงานแต่ละโครงการหรือกิจกรรม","กลุ่มแผนงานและติดตามประเมินผล สำนักงานเลขานุการกรม","evaluatedcce@gmail.com","2024-12-25","2026-05-06","ข้อมูลสาธารณะ","ไทย","ไม่มี","ปี","เพื่อการให้บริการประชาชน, พันธกิจหน่วยงาน, อื่นๆ","ITA, OIT, การเปิดเผยข้อมูลสาธารณะ, ผลการดำเนินงาน, ผลการปฏิบัติงาน, ผลสัมฤทธิ์","PDF, PDF, CSV","https://www.dcce.go.th/wp-content/uploads/2025/12/รายงานผลสัมฤทธิ์แผนปฏิบัติราชการ-ปี-2568-สส.pdf, https://www.dcce.go.th/wp-content/uploads/2025/03/รายงานผลสัมฤทธิ์ของแผนปฏิบัติราชการรายปี-พ.ศ.-2567.pdf, https://dgf.dcce.go.th/dataset/df2a46df-cc63-4230-a285-63e3072a0573/resource/a24ddc55-7d34-4b23-b7c8-6e6144c98c97/download/untitled.csv"
"170c07e2-4eb4-499e-8e19-a13e052859c3","complain-statistic-2568","ข้อมูลสถิติเรื่องร้องเรียนการทุจริตและประพฤติมิชอบ","ข้อมูลสถิติเรื่องร้องเรียนการทุจริตและประพฤติมิชอบของเจ้าหน้าที่ของหน่วยงาน ประกอบด้วย (1) จำนวนเรื่องร้องเรียนทั้งหมด (2) จำนวนเรื่องที่ดำเนินการแล้วเสร็จ (3) จำนวนเรื่องที่อยู่ระหว่างดำเนินการ ","กลุ่มกฎหมาย","legalaffairs.dcce@gmail.com","2026-05-06T04:07:37.272840","2026-04-23","ข้อมูลสาธารณะ","ไทย","ไม่มี","ปี","เพื่อการให้บริการประชาชน, พันธกิจหน่วยงาน, อื่นๆ","ITA, OIT, การทุจริต, การเปิดเผยข้อมูลสาธารณะ, ประพฤติมิชอบ, สถิติร้องเรียน","CSV, PDF","https://dgf.dcce.go.th/dataset/170c07e2-4eb4-499e-8e19-a13e052859c3/resource/eccf376b-2713-47d2-a097-1bc8c327376f/download/untitled.csv, https://dgf.dcce.go.th/dataset/170c07e2-4eb4-499e-8e19-a13e052859c3/resource/eb3e5695-cc0f-4a62-bef6-31a46518fe6d/download/untitled.pdf"
"00741a1e-f36d-4b8a-87f9-10cdc1d87b42","db0505-002","รายงานสถานภาพการประสานงานคณะรัฐมนตรี และรัฐสภา สส.","รายงานสรุปข้อมูลการประสานงานคณะรัฐมนตรีและรัฐสภา ประจำเดือน ที่ ปคร.สส. ลงนามรับทราบแล้ว","กลุ่มเลขานุการคณะกรรมการนโยบายการเปลี่ยนแปลงสภาพภูมิอากาศแห่งชาติ","sncc@dcce.mail.go.th","2024-07-31","2024-08-15","ข้อมูลความลับทางราชการ","ไทย","ไม่มี","เดือน","มติคณะรัฐมนตรี","ปคร","",""
"2fa0b88a-2aba-463a-aeb4-01d8e432314f","ess-data","คำสั่งแต่งตั้งคณะกรรมการ อนุกรรมการ คณะทำงาน ของหน่วยงานอื่น","ผู้บริหารกรมการเปลี่ยนแปลงสภาพภูมิอากาศและสิ่งแวดล้อม ได้แก่ อธิบดีกรมการเปลี่ยนแปลงสภาพภูมิอากาศและสิ่งแวดล้อม และรองอธิบดีกรมการเปลี่ยนแปลงสภาพภูมิอากาศและสิ่งแวดล้อม ซึ่งได้รับการแต่งตั้งเข้าร่วมเป็นคณะกรรมการ หรือ อนุกรรมการ หรือ คณะทำงาน ของหน่วยงานอื่น ได้แก่ หน่วยงานรัฐ เอกชน และรัฐวิสาหกิจ","กลุ่มช่วยอำนวยการนักบริหาร","ess.dcce@gmail.com","2023-10-01","2024-09-30","ข้อมูลสาธารณะ","ไทย","ไม่มี","ปี","อื่นๆ","dcce, กรมการเปลี่ยนแปลงสภาพภูมิอากาศและสิ่งแวดล้อม, คณะกรรมการ, คณะทำงาน, คำสั่ง, บัญชีรายชื่อ, ผู้บริหาร, รองอธิบดี, สส., อธิบดี, อนุกรรมการ, แต่งตั้ง","PDF, PDF, PDF, PDF, PDF, PDF, PDF, PDF, PDF, PDF, PDF, PDF, PDF, PDF, PDF, PDF, PDF, PDF, PDF, PDF, PDF, PDF, PDF, PDF, PDF, PDF, PDF, PDF, PDF","https://dgf.dcce.go.th/dataset/2fa0b88a-2aba-463a-aeb4-01d8e432314f/resource/92e7f393-18f2-47dd-ae9c-347f05815050/download/.pdf, https://dgf.dcce.go.th/dataset/2fa0b88a-2aba-463a-aeb4-01d8e432314f/resource/15dcafb7-1f66-4354-9f85-9c935cb16c01/download/.pdf, https://dgf.dcce.go.th/dataset/2fa0b88a-2aba-463a-aeb4-01d8e432314f/resource/ec8f9fce-392d-4423-a94f-ee85d4c5cb59/download/.pdf, https://dgf.dcce.go.th/dataset/2fa0b88a-2aba-463a-aeb4-01d8e432314f/resource/54ea8144-c507-44af-b36c-f943c501d9bc/download/-2-.pdf, https://dgf.dcce.go.th/dataset/2fa0b88a-2aba-463a-aeb4-01d8e432314f/resource/70b20bb6-e58f-4d98-b59b-4b68c809c6bb/download/-3-.pdf, https://dgf.dcce.go.th/dataset/2fa0b88a-2aba-463a-aeb4-01d8e432314f/resource/0989bada-6b98-4d6b-a90f-93aa35d286a2/download/-4-.pdf, https://dgf.dcce.go.th/dataset/2fa0b88a-2aba-463a-aeb4-01d8e432314f/resource/f500b9dc-ee11-409f-bdee-d102f791a6ec/download/-5-.pdf, https://dgf.dcce.go.th/dataset/2fa0b88a-2aba-463a-aeb4-01d8e432314f/resource/c7421aa6-20df-430b-b8ec-65b60649bf2c/download/-6-.pdf, https://dgf.dcce.go.th/dataset/2fa0b88a-2aba-463a-aeb4-01d8e432314f/resource/1358cfda-435d-4053-997d-ee5febca5645/download/-7-tcac.pdf, https://dgf.dcce.go.th/dataset/2fa0b88a-2aba-463a-aeb4-01d8e432314f/resource/d7402403-0966-4cad-a0bc-570bab0d38e8/download/-8-.pdf, https://dgf.dcce.go.th/dataset/2fa0b88a-2aba-463a-aeb4-01d8e432314f/resource/7f1a691a-b19d-4103-bf9f-aa728ee5efb2/download/-9-.pdf, https://dgf.dcce.go.th/dataset/2fa0b88a-2aba-463a-aeb4-01d8e432314f/resource/269aa188-4c28-4d0b-8a91-43de8cdc0c7d/download/-.pdf, https://dgf.dcce.go.th/dataset/2fa0b88a-2aba-463a-aeb4-01d8e432314f/resource/beb80276-c7e9-417e-997e-e7a39948d3a4/download/-.pdf, https://dgf.dcce.go.th/dataset/2fa0b88a-2aba-463a-aeb4-01d8e432314f/resource/f70e0c16-9c54-4066-b1ec-8eef76733dd6/download/-2565-2567-.pdf, https://dgf.dcce.go.th/dataset/2fa0b88a-2aba-463a-aeb4-01d8e432314f/resource/f5cf2c12-2215-4330-ad53-6955a502d12e/download/-.pdf, https://dgf.dcce.go.th/dataset/2fa0b88a-2aba-463a-aeb4-01d8e432314f/resource/1ec9a95f-31ee-442c-b7fb-368dd1c9c1c2/download/-.pdf, https://dgf.dcce.go.th/dataset/2fa0b88a-2aba-463a-aeb4-01d8e432314f/resource/8bde3e14-1b89-45f1-b006-7c2472567053/download/-.pdf, https://dgf.dcce.go.th/dataset/2fa0b88a-2aba-463a-aeb4-01d8e432314f/resource/b382787e-170b-47af-818a-bda34c25fa9f/download/-.pdf, https://dgf.dcce.go.th/dataset/2fa0b88a-2aba-463a-aeb4-01d8e432314f/resource/da7daa94-f53e-45b6-9009-975b537cc641/download/-.pdf, https://dgf.dcce.go.th/dataset/2fa0b88a-2aba-463a-aeb4-01d8e432314f/resource/ba4796fa-d922-4172-a7e1-850952e4ee88/download/-.pdf, https://dgf.dcce.go.th/dataset/2fa0b88a-2aba-463a-aeb4-01d8e432314f/resource/80d142e7-bc14-4c7a-8ed2-3560c620f14a/download/-.pdf, https://dgf.dcce.go.th/dataset/2fa0b88a-2aba-463a-aeb4-01d8e432314f/resource/77c3fc0a-0972-44a6-ab59-7ac7597eb647/download/-.pdf, https://dgf.dcce.go.th/dataset/2fa0b88a-2aba-463a-aeb4-01d8e432314f/resource/62c3bdaa-1fc3-49cc-a5d9-dd19e924974d/download/-.pdf, https://dgf.dcce.go.th/dataset/2fa0b88a-2aba-463a-aeb4-01d8e432314f/resource/2b36c843-3983-46ad-82a3-4c4d516acc17/download/-2567.pdf, https://dgf.dcce.go.th/dataset/2fa0b88a-2aba-463a-aeb4-01d8e432314f/resource/ed8329cc-3e3b-4a1b-b583-8e6ec60202c1/download/-.pdf, https://dgf.dcce.go.th/dataset/2fa0b88a-2aba-463a-aeb4-01d8e432314f/resource/80207539-9f11-4f1b-9a08-476958e7ed7c/download/-.pdf, https://dgf.dcce.go.th/dataset/2fa0b88a-2aba-463a-aeb4-01d8e432314f/resource/2a6fa19a-7783-4907-9a27-467046ea46c9/download/-.pdf, https://dgf.dcce.go.th/dataset/2fa0b88a-2aba-463a-aeb4-01d8e432314f/resource/065ee4ae-1525-4ebb-92e5-fa7882e307b2/download/-.pdf, https://dgf.dcce.go.th/dataset/2fa0b88a-2aba-463a-aeb4-01d8e432314f/resource/a0038401-05f8-43a9-b154-976cf73bd6fa/download/-.pdf"
"f1e02482-8ddd-42d3-9a52-da150b8f47b2","m-and-e","ข้อมูลการประเมินผลการปรับตัวต่อการเปลี่ยนแปลงสภาพภูมิอากาศ","“การปรับตัวต่อการเปลี่ยนแปลงสภาพภูมิอากาศ ” หรือ Climate Change Adaptation ตามความหมายของ IPCC หมายถึง การปรับเปลี่ยนในระบบธรรมชาติหรือระบบของมนุษย์เพื่อตอบสนองต่อสิ่งเร้าทางภูมิอากาศที่เกิดขึ้นแล้วหรือที่คาดการณ์ว่าจะเกิดขึ้นในอนาคตรวมถึงผลกระทบจากสิ่งเร้านั้น ซึ่งการปรับเปลี่ยนดังกล่าวเป็นการช่วยลดอันตรายหรือความเสียหายที่อาจเกิดขึ้น หรืออาจเป็นการใช้ประโยชน์จากโอกาสที่เกิดขึ้นจากสิ่งเร้าทางภูมิอากาศหรือผลกระทบของสิ่งเร้านั้น","กลุ่มประเมินผลการปรับตัวต่อการเปลี่ยนแปลงสภาพภูมิอากาศ","dcceccaes@gmail.com","2024-08-09","2026-03-17","ข้อมูลสาธารณะ","ไทย, อังกฤษ","ประเทศ","ปี","ยุทธศาสตร์ชาติ, พันธกิจหน่วยงาน, อื่นๆ","Adaptation, Climate Change, GISTDA, GIZ, Global Climate, Good practice, IPCC, NAP, NDC, Paris Agreement, Resilience, UNDP, UNFCCC, vulnerability, การจัดการทรัพยากรธรรมชาติ, การจัดการน้ำ, การตั้งถิ่นฐานและความมั่นคงของมนุษย์, การท่องเที่ยว, การเกษตรและความมั่นคงทางอาหาร, ติดตาม, ประเมินผล, ปรับตัว, ยุทธศาสตร์, สาธารณสุข, เปราะบาง, เปลี่ยนแปลงสภาพภูมิอากาศ","PDF, PDF, PDF, PDF","https://dgf.dcce.go.th/dataset/f1e02482-8ddd-42d3-9a52-da150b8f47b2/resource/62ef277f-e174-4d89-bab6-aa2a1df061a9/download/thailands-first-biennial-transpatency-report-.pdf, https://dgf.dcce.go.th/dataset/f1e02482-8ddd-42d3-9a52-da150b8f47b2/resource/d8818f44-5797-4123-adb4-fd2b25b30ad4/download/250103-dcce-2401_stocktake-executive-summary-report.pdf, https://dgf.dcce.go.th/dataset/f1e02482-8ddd-42d3-9a52-da150b8f47b2/resource/89b387eb-b8d4-4527-bca1-07dcfa22dcdd/download/untitled.pdf, https://dgf.dcce.go.th/dataset/f1e02482-8ddd-42d3-9a52-da150b8f47b2/resource/1b4035be-945d-48e0-a1f5-64c416cf3e39/download/untitled.pdf"
"261cd87d-cfa5-4e81-afc1-8e741b289c88","db0606-003","รายชื่อองค์กรปกครองส่วนท้องถิ่นที่ได้รับรางวัลอาเซียนด้านสิ่งแวดล้อมเมืองยั่งยืน","รายชื่อองค์กรปกครองส่วนท้องถิ่นที่ได้รับรางวัลอาเซียนด้านสิ่งแวดล้อมเมืองยั่งยืน หมายถึง รายชื่อของเทศบาล หรือองค์การบริหารส่วนตำบลในประเทศไทย ที่ได้รับเลือกจากประเทศไทยให้เข้าชิงหรือรับรางวัล ASEAN Environmental Sustainable Cities Award ซึ่งเป็นรางวัลจากกลุ่มประเทศอาเซียน (ASEAN) การพิจารณาคัดเลือกอ้างอิงจากเมืองที่มีผลการดำเนินงานโดดเด่นใน 3 ตัวชี้วัดหลัก ได้แก่ คุณภาพอากาศ (Clean Air)
คุณภาพน้ำ (Clean Water) ขยะและพื้นที่สีเขียว (Clean Land/Green Space) โดยรางวัลแบ่งเป็นสองประเภทหลัก คือ 1.เสนอชื่อโดยประเทศ (Country Nomination) 2.ประเภทแข่งขันเปิด (Certificate of Recognition) และพิจารณาตามขนาดเมือง (ขนาดเล็ก/ขนาดใหญ่","กลุ่มส่งเสริมการจัดการสิ่งแวดล้อมเมืองยั่งยืน","sustainablecitydcce@gmail.com","2012-07-13","2026-03-13","ข้อมูลสาธารณะ","ไทย","เทศบาล/อบต.","ปี","แผนแม่บทภายใต้ยุทธศาสตร์ชาติ","รางวัลท้องถิ่น, รางวัลสิ่งแวดล้อม, รางวัลอาเซียนด้านสิ่งแวดล้อมเมืองที่ยั่งยืน, สิ่งแวดล้อมเมืองยั่งยืน","XLS","https://dgf.dcce.go.th/dataset/261cd87d-cfa5-4e81-afc1-8e741b289c88/resource/1314dd96-16a4-496b-97b0-a117482c8eaf/download/untitled.xlsx"
"db0a66e2-4009-434e-a237-7e6ecf55cd00","db0705-001","คู่มือการเลี้ยงหนอนBSF สำหรับประชาชน","คู่มือการเลี้ยงหนอน Black soldier fly: BSF สำหรับประชาชนในการจัดการขยะอินทรีย์เพื่อการสร้างมูลค่าเพิ่มการจัดการขยะด้วยเทคโนโลยีชีวภาพ ลดการปลดปล่อยก๊าซเรือนกระจก","ศูนย์วิจัยด้านการเปลี่ยนแปลงสภาพภูมิอากาศและสิ่งแวดล้อม","ertc@deqp.mail.go.th","2022-12-01","2025-02-28","ข้อมูลสาธารณะ","ไทย","ประเทศ","ไม่มีการปรับปรุงหลังจากการจัดเก็บข้อมูล","พันธกิจหน่วยงาน","การจัดการขยะอินทรีย์ที่ต้นทาง, หนอนbsf, หนอนแมลงวันลาย","PDF","https://www.dcce.go.th/wp-content/uploads/2025/03/คู่มือการเลี้ยงหนอน-BSF-สำหรับประชาชน.pdf"
"b1972134-8b62-473c-a8b3-1fb188ff4cbd","db0306-001","สื่อให้ความรู้ด้านการเปลี่ยนแปลงสภาพภูมิอากาศ","สื่อสร้างความรู้ความเข้าใจในการตั้งรับปรับตัวต่อการเปลี่ยนแปลงสภาพภูมิอากาศ 
","กลุ่มสร้างจิตสำนึกสาธารณะ","pr.dcceth@gmail.com","2024-08-16","2025-08-16","ข้อมูลสาธารณะ","ไทย","ประเทศ","ไม่มีการปรับปรุงหลังจากการจัดเก็บข้อมูล","อื่นๆ","Adaptation, Mitigation, การปรับตัว, โลกร้อน, โลกเดือด","JPEG, JPEG, JPEG, JPEG, XLSX","https://dgf.dcce.go.th/dataset/b1972134-8b62-473c-a8b3-1fb188ff4cbd/resource/62e02697-0d50-4694-813a-ca92795dbe12/download/1..jpg, https://dgf.dcce.go.th/dataset/b1972134-8b62-473c-a8b3-1fb188ff4cbd/resource/e46e7702-95da-4614-b79d-6660b66fb391/download/20240716_094433.jpg, https://dgf.dcce.go.th/dataset/b1972134-8b62-473c-a8b3-1fb188ff4cbd/resource/9868217f-4315-45e3-bd53-f0f27c5b7b2c/download/20240716_103216.jpg, https://dgf.dcce.go.th/dataset/b1972134-8b62-473c-a8b3-1fb188ff4cbd/resource/fbc7dc37-3134-43d2-8dab-d8f4e7782743/download/20240716_101049.jpg, https://dgf.dcce.go.th/dataset/b1972134-8b62-473c-a8b3-1fb188ff4cbd/resource/0b9634cd-68f3-4967-8313-13278e677725/download/dcce-content16.8.67.xlsx"
"7a335569-3ae0-4674-a2ac-6507ced9e9fd","db0203-001","รายงานผลการจัดซื้อจัดจ้างของกรมการเปลี่ยนแปลงสภาพภูมิอากาศและสิ่งแวดล้อม","รายงานผลการจัดซื้อจัดจ้าง ของสำนัก/ศูนย์/กอง ประจำแต่ละปีงบประมาณ  ","กลุ่มการคลัง สำนักงานเลขานุการกรม","dccecenter@dcce.mail.go.th","2023-10-02","2025-11-04","ข้อมูลสาธารณะ","ไทย","ไม่มี","ปี","เพื่อการให้บริการประชาชน, กฎหมายที่เกี่ยวข้อง","การจัดซื้อจัดจ้าง, การใช้จ่ายของภาครัฐ, งบประมาณ, จัดซื้อจัดจ้าง, ผลการจัดซื้อจัดจ้าง","XLSX, XLSX","https://dgf.dcce.go.th/dataset/7a335569-3ae0-4674-a2ac-6507ced9e9fd/resource/6d39ec3a-154b-4e5a-b77a-9a2aa4e45cb8/download/untitled.xlsx, https://dgf.dcce.go.th/dataset/7a335569-3ae0-4674-a2ac-6507ced9e9fd/resource/84494df0-c694-44e5-bd8e-8cacf2302f11/download/untitled.xlsx"
"7f2f3674-e52e-4499-944e-cf014e81aa2d","db0605-001","สถานประกอบการที่มีการผลิตที่เป็นมิตรกับสิ่งแวดล้อม Green Production","สถานประกอบการที่มีการผลิตที่เป็นมิตรกับสิ่งแวดล้อม มีการนำแนวคิด BCG Model ไปใช้ในกระบวนการผลิตและการออกแบบผลิตภัณฑ์ ใช้ทรัพยากรอย่างคุ้มค่า ลดของเสียจากแหล่งกำเนิด ลดผลกระทบต่อสิ่งแวดล้อม และลดการปล่อยก๊าซเรือนกระจก (Green House Gases: GHG) ออกสู่บรรยากาศ","กองส่งเสริมการมีส่วนร่วมต่อการเปลี่ยนแปลงสภาพภูมิอากาศและสิ่งแวดล้อม","ggreen.greenproduction@gmail.com","2023-08-17","2026-02-13","ข้อมูลสาธารณะ","ไทย","จังหวัด","ปี","เพื่อการให้บริการประชาชน","GGreen, GreenProduction, การผลิตที่เป็นมิตรกับสิ่งแวดล้อม, ผลิตภัณฑ์ที่เป็นมิตรกับสิ่งแวดล้อม, สถานประกอบการที่มีการผลิตที่เป็นมิตรกับสิ่งแวดล้อม, เป็นมิตรกับสิ่งแวดล้อม","XLSX","https://dgf.dcce.go.th/dataset/7f2f3674-e52e-4499-944e-cf014e81aa2d/resource/a142c4a3-74d2-4212-a178-33bff3e466cb/download/data-catalog-green-production-66.xlsx"
"329a0611-36c1-4f19-85ad-0287ee2ee5b6","https-tinyurl-com-sdg13-2025","รายงานความคืบหน้าการดำเนินงาน SDG 13 [2025]","""กรมการเปลี่ยนแปลงสภาพภูมิอากาศและสิ่งแวดล้อม ถูกกำหนดหน่วยงานระดับเป้าหมายหลัก (Goals) – C1 )  มีภารกิจในการประสานและบูรณาการการทำงานภาพรวมระหว่างหน่วยงานที่เกี่ยวข้องเพื่อให้บรรลุเป้าหมายที่รับผิดชอบในการรายงานผลการดำเนินงานที่ได้มีการขับเคลื่อน ตลอดจนรวบรวมความเห็นและข้อเสนอแนะจากหน่วยงาน ที่มีการดำเนินงานตามเป้าหมายย่อย (C2) เช่น กระทรวงมหาดไทย  รายงานการติดตามการการดำเนินงานตามเป้าหมายการพัฒนาที่ยั่งยืน เป้าหมายที่ 13 ฉบับนี้ได้รวบรวมวิธีการรวมทั้งผลการดำเนินงานตามตัวชี้วัดตลอดจนความเห็นและข้อเสนอแนะจากหน่วยงานที่เกี่ยวข้อง โดยมีสำนักงานสภาพัฒนาการเศรษฐกิจและสังคมแห่งชาติ เป็นหน่วยงานประสานกลาง SDG ของประเทศไทยและเป็นหน่วยรวบรวมข้อมูลตามตัวชี้วัด ข้อมูลจะถูกจัดเก็บในฐานข้อมูลตัวชี้วัด SDG ของประเทศไทย และเผยแพร่เป็นข้อมูลแบบเปิด (open data) ในรูปแบบ SDG dashboard  
""
","กลุ่มนโยบายและแผน","ccepolicy@dcce.mail.go.th","2024-07-31","2024-08-09","ข้อมูลสาธารณะ","ไทย","ประเทศ","ปี","พันธกิจหน่วยงาน","SDG13, รายงานติดตามความก้าวหน้า","PDF","https://dgf.dcce.go.th/dataset/329a0611-36c1-4f19-85ad-0287ee2ee5b6/resource/e3f48d73-6494-44cf-9398-21181c79a4d3/download/untitled.pdf"
"597b536f-1255-41e7-a5af-eb6b58848b79","db0302-001","แผนการปรับตัวต่อการเปลี่ยนแปลงสภาพภูมิอากาศแหงชาติ","กรอบนโยบายระดับประเทศที่กำหนดแนวทางและมาตรการในการปรับตัวต่อการเปลี่ยนแปลงสภาพภูมิอากาศ โดยมีเป้าหมายเพื่อเพิ่มขีดความสามารถในการรับมือกับความเสี่ยงและลดผลกระทบทางเศรษฐกิจ สังคม และสิ่งแวดล้อม ซึ่งให้ความสำคัญกับ 6 สาขาที่มีความเสี่ยงต่อการเปลี่ยนแปลงสภาพภูมิอากาศ ได้แก่ การจัดการทรัพยากรน้ำ เกษตรและความมั่นคงทางอาหาร การท่องเที่ยว สาธารณสุข การจัดการทรัพยากรธรรมชาติ และการตั้งถิ่นฐานและความมั่นคงของมนุษย์","กลุมขับเคลื่อนการปรับตัวตอการเปลี่ยนแปลงสภาพภูมิอากาศ","adapt.dcce@gmail.com","2018-11-19","2024-04-02","ข้อมูลสาธารณะ","ไทย, อังกฤษ","ประเทศ","ปี","ดัชนี/ตัวชี้วัดระดับนานาชาติ","การปรับตัวต่อการเปลี่ยนแปลงสภาพภูมิอากาศ, การสร้างภูมิคุ้มกัน, การเปลี่ยนแปลงสภาพภูมิอากาศ, ผลกระทบจากการเปลี่ยนแปลงสภาพภูมิอากาศ, แผนการปรับตัวต่อการเปลี่ยนแปลงสภาพภูมิอากาศ","PDF, PDF","https://dgf.dcce.go.th/dataset/597b536f-1255-41e7-a5af-eb6b58848b79/resource/53429bfc-30b3-47fa-83fa-52225fe42140/download/nap_thailand-v.eng..pdf, https://dgf.dcce.go.th/dataset/597b536f-1255-41e7-a5af-eb6b58848b79/resource/3a2bd731-6b5f-40d4-b42c-31c1f0a8192b/download/nap-thai-version-21may2025.pdf"
"b988d34e-f36e-490a-b153-f4f85357938c","nbs","ชุดเเนวทางการปรับตัวต่อการเปลี่ยนเเปลงสภาพภูมิอากาศโดยใช้เเนวทางธรรมชาติ (Nbs)","เสริมสร้างศักยภาพในการใช้เครื่องมือประเมินทางเศรษฐศาสตร์ เเละสนับสนุนการบูรณาการแนวทางธรรมชาติ (Nature-based solutions: NbS) ในการแก้ไขปัญหาการเปลี่ยนแปลงสภาพภูมิอากาศในเขตเมือง ","กองขับเคลื่อนการปรับตัวต่อการเปลี่ยนเเปลงสภาพภูมิอากาศ กลุ่มพัฒนาเเนวทางเเละศักยภาพในการปรับตัวต่อการเปลี่ยนเเปลงสภาพภูมิอากาศ","adapgl.dcce@gmail.com","2023-08-01","2024-07-10","ข้อมูลสาธารณะ","ไทย","ไม่มี","ปี","แผนพัฒนาเศรษฐกิจและสังคมแห่งชาติ, แผนระดับที่ 3 (มติครม. 4 ธ.ค. 2560), เพื่อการให้บริการประชาชน","NAP, การปรับตัว, การเปลี่ยนเเปลงสภาพภูมิอากาศ, เเนวทางธรรมชาติ(Nbs), เเผนNAP","PDF","https://dgf.dcce.go.th/dataset/b988d34e-f36e-490a-b153-f4f85357938c/resource/c001e759-6731-4eaa-a7ac-935ca23e4130/download/untitled.pdf"
"8a50d7d2-0ac5-423a-b8c3-c985e1307d07","db0104-001e","หลักสูตรการส่งเสริมคุณธรรม จริยธรรม และการป้องกันการทุจริตภายในหน่วยงาน","การจัดฝึกอบรมหรือกิจกรรมที่มีเนื้อหาเกี่ยวกับการส่งเสริมคุณธรรม จริยธรรม และการป้องกันการทุจริตภายในหน่วยงาน และมีการรายงานสรุปผลเป็นองค์ความรู้ที่ได้จากหลักสูตรฯ พร้อมเผยแพร่ผ่านเว็บไซต์ของหน่วยงาน","กลุ่มงานจริยธรรม","deqp_ethics@hotmail.com","2023-10-01","2024-07-31","ข้อมูลสาธารณะ","ไทย","ไม่มี","ปี","ยุทธศาสตร์ชาติ, แผนแม่บทภายใต้ยุทธศาสตร์ชาติ, กฎหมายที่เกี่ยวข้อง","การป้องกันการทุจริตในวงราชการ, คุณธรรม, จริยธรรม","PDF","https://dgf.dcce.go.th/dataset/8a50d7d2-0ac5-423a-b8c3-c985e1307d07/resource/7164048d-fbdf-4836-bf38-4f15fff92dd6/download/-..-2567.pdf"
"b16cbea7-91a5-475b-a38b-d5164b880237","db0503-002","ผลสรุปการประชุม COP ประจำปี","ผลสรุปการประชุมรัฐภาคีกรอบอนุสัญญาสหประชาชาติว่าด้วยการเปลี่ยนแปลงสภาพภูมิอากาศ (Conference of Parties to the United Nations Framework Convention on Climate Change: COP) (ข้อมูลความก้าวหน้าของประเทศ)","กลุ่มอนุสัญญาและความร่วมมือระหว่างประเทศ","unfccc.thailand.focalpoint@gmail.com","2024-03-01","2024-08-27","ข้อมูลสาธารณะ","ไทย","ประเทศ","ปี","ยุทธศาสตร์ชาติ","COP, ผลการประชุม","PDF, PDF, PDF, PDF, PDF, PDF, PDF, PDF, PDF","https://dgf.dcce.go.th/dataset/b16cbea7-91a5-475b-a38b-d5164b880237/resource/b52c5e35-44ab-4482-93a2-a0b3679b45bc/download/-cop-21.pdf, https://dgf.dcce.go.th/dataset/b16cbea7-91a5-475b-a38b-d5164b880237/resource/284589cb-639b-416b-8331-7744cd988f00/download/-cop-22.pdf, https://dgf.dcce.go.th/dataset/b16cbea7-91a5-475b-a38b-d5164b880237/resource/0c051ba9-95c2-43e1-99c3-701141cb1288/download/-cop-23.pdf, https://dgf.dcce.go.th/dataset/b16cbea7-91a5-475b-a38b-d5164b880237/resource/7277e10e-0e9c-4c0a-86f1-043dd5141f65/download/-cop-24.pdf, https://dgf.dcce.go.th/dataset/b16cbea7-91a5-475b-a38b-d5164b880237/resource/ce5276cd-5171-4d06-84d2-7b552cc70771/download/-cop-25.pdf, https://dgf.dcce.go.th/dataset/b16cbea7-91a5-475b-a38b-d5164b880237/resource/77b01fd3-f9f2-4ffe-b1a5-96b68a5b2887/download/-cop-26.pdf, https://dgf.dcce.go.th/dataset/b16cbea7-91a5-475b-a38b-d5164b880237/resource/6050f5df-d679-4e04-bc01-32a90598c8ce/download/-cop-27.pdf, https://dgf.dcce.go.th/dataset/b16cbea7-91a5-475b-a38b-d5164b880237/resource/ef2d0d65-1897-4c95-8de0-9a96e3266d9a/download/-cop-28.pdf, https://dgf.dcce.go.th/dataset/b16cbea7-91a5-475b-a38b-d5164b880237/resource/22a488c8-1dff-42a6-a673-d4ab0b1fc02e/download/untitled.pdf"
"f482dd7a-61d5-44d9-9c35-538359e8c257","dcce-go-th","แผนปฏิบัติการด้านการลดก๊าซเรือนกระจกของประเทศ ปี พ.ศ. ๒๕๖๔ – ๒๕๗๓","แผนปฏิบัติการด้านการลดก๊าซเรือนกระจกของประเทศ ปี พ.ศ. ๒๕๖๔ – ๒๕๗๓ จัดทำขึ้นเพื่อเป็นกรอบการดำเนินงานด้านการลดก๊าซเรือนกระจกของประเทศรายสาขา สอดคล้องตามการมีส่วนร่วมที่ประเทศกำหนด (Nationally Determined Contribution: NDC) มีเป้าประสงค์ในการบรรลุเป้าหมายการลดก๊าซเรือนกระจกที่ร้อยละ ๓๐ - ๔๐ จากกรณีปกติ (Business as Usual: BAU) ภายในปี ค.ศ. ๒๕๗๓ ด้วยการดำเนินงานใน ๕ สาขาหลัก ได้แก่ สาขาพลังงาน สาขาคมนาคมขนส่ง สาขากระบวนการอุตสาหกรรมและการใช้ผลิตภัณฑ์ (Industrial Processes and Product Use: IPPU) สาขาการจัดการของเสียและน้ำเสียอุตสาหกรรม และสาขาเกษตร","กลุ่มขับเคลื่อนการลดก๊าซเรือนกระจก","ccmis.dcce@gmail.com","2024-04-26","2024-10-01","ข้อมูลสาธารณะ","ไทย","ประเทศ","อื่นๆ","ยุทธศาสตร์ชาติ, แผนพัฒนาเศรษฐกิจและสังคมแห่งชาติ, แผนแม่บทภายใต้ยุทธศาสตร์ชาติ","(Nationally Determined Contribution: NDC)","PDF","https://dgf.dcce.go.th/dataset/f482dd7a-61d5-44d9-9c35-538359e8c257/resource/e344688d-23f9-4ddf-ab44-0f3de5773d5e/download/-..-ndc-action-plan-on-mitigation-2021-2030.pdf"
"138a0249-eca3-4a04-b497-51eff590e3f5","db0602-001","องค์กรเอกชนด้านการคุ้มครองสิ่งแวดล้อมและอนุรักษ์ทรัพยากรธรรมชาติ","องค์กรเอกชนที่ได้รับการขึ้นทะเบียนเป็นองค์เอกชนด้านการคุ้มครองสิ่งแวดล้อมและอนุรักษ์ทรัพยากรธรรมชาติจากกรมการเปลี่ยนแปลงสภาพภูมิอากาศและสิ่งแวดล้อมแล้ว","กลุ่มส่งเสริมความร่วมมือองค์กรเอกชนและองค์กรชุมชน","ngos.deqp@gmail.com","2019-09-05","2024-07-17","ข้อมูลสาธารณะ","ไทย","จังหวัด","ปี","กฎหมายที่เกี่ยวข้อง, พันธกิจหน่วยงาน","NGOด้านสิ่งแวดล้อม, NGOพรบ.สิ่งแวดล้อม, จดทะเบียนเป็นngos, พรบ.สิ่งแวดล้อมมาตรา7, รายชื่อngo","XLSX","https://dgf.dcce.go.th/dataset/138a0249-eca3-4a04-b497-51eff590e3f5/resource/555cdbd4-0edf-491c-b0d8-652a9a2b8f58/download/.xlsx"
"e6f8162e-630a-42d7-94d6-8dc1df59173c","db0704-003","องค์ความรู้การเปลี่ยนแปลงสภาพภูมิอากาศของไทยจากงานวิจัยตีพิมพ์ (DCCE) Thai Climate Change Knowledge Repository from Peer-Reviewed Publications (DCCE)","ชุดองค์ความรู้นี้รวบรวมข้อมูล ผลการศึกษา และการวิเคราะห์ด้านการเปลี่ยนแปลงสภาพภูมิอากาศและสิ่งแวดล้อมของประเทศไทย จากงานวิจัยของกรมการเปลี่ยนแปลงสภาพภูมิอากาศและสิ่งแวดล้อมที่ผ่านการตีพิมพ์ในวารสารวิชาการระดับนานาชาติ เพื่อใช้สนับสนุนการอ้างอิงเชิงวิชาการ การกำหนดนโยบาย และการพัฒนาองค์ความรู้นวัตกรรมด้านการปรับตัว การลดก๊าซเรือนกระจก และผลกระทบทางสิ่งแวดล้อม","กลุ่มวิจัยด้านการปรับตัวต่อการเปลี่ยนแปลงสภาพภูมิอากาศ","cca.dcce24@gmail.com","2024-02-01","2025-03-11","ข้อมูลสาธารณะ","อังกฤษ","ประเทศ","ไม่มีการปรับปรุงหลังจากการจัดเก็บข้อมูล","เพื่อการให้บริการประชาชน","manuscript, pbl, ร่างบทความวิชาการ","PDF","https://dgf.dcce.go.th/dataset/e6f8162e-630a-42d7-94d6-8dc1df59173c/resource/c07e4ff2-5c36-410e-b3e7-8e3b462c610a/download/manuscript.pdf"
"1c88e8a0-0ec5-4122-b64f-e58dbcbcd7d1","manual-appeal-consideration-2560","คู่มือในการพิจารณาอุทธรณ์","เป็นเอกสารคู่มือในการพิจารณาอุทธรณ์ ตามพระราชบัญญัติการจัดซื้อจัดจ้างและการบริหารพัสดุภาครัฐ พ.ศ. 2560","กลุ่มกฎหมาย","Legalaffairs.dcce@gmail.com","2025-06-25T03:17:22.647410","2025-08-14T01:29:11.386048","ข้อมูลสาธารณะ","ไทย","ไม่มี","ปี","กฎหมายที่เกี่ยวข้อง","คู่มือ, อุทธรณ์","PDF, PDF","https://dgf.dcce.go.th/dataset/1c88e8a0-0ec5-4122-b64f-e58dbcbcd7d1/resource/96771fd9-5940-4f8e-9dd4-37f290b1d477/download/untitled.pdf, https://dgf.dcce.go.th/dataset/1c88e8a0-0ec5-4122-b64f-e58dbcbcd7d1/resource/510713fa-aad0-47ef-97d8-9f81bea54736/download/untitled.pdf"
"c4868c5c-9d5f-41fb-88b5-53198ee2bd90","db0999-888","รายชื่อเครือข่ายเด็กและเยาวชนด้านการเปลี่ยนแปลงสภาพภูมิอากาศและสิ่งแวดล้อม(ทั้งในระบบและนอกระบบการศึกษา)","เครือข่ายเด็กและเยาวชนที่ขับเคลื่อนกิจกรรมด้านการเปลี่ยนแปลงสภาพภูมิอากาศทุกกลุ่มทั่วประเทศ ในระบบการศึกษา ได้แก่ โรงเรียน มหาวิทยาลัย กศน. หรือที่สังกัดหน่วยงานต่างๆทางด้านการศึกษา  
นอกระบบการศึกษา ได้แก่ เยาวชนกลุ่มพื้นที่ห่างไกล ชายขอบ องค์กรเอกชน หรือกลุ่มอื่นๆ ที่ไม่ได้อยู่ในระบบการศึกษา
กลุ่มชนเผ่าชาติพันธ์ุ","กลุ่มส่งเสริมเด็กและเยาวชนด้านสิ่งแวดล้อม","youthandscout@gmail.com","2013-01-01","2021-07-30","ข้อมูลสาธารณะ","ไทย, อังกฤษ","จังหวัด","ครึ่งปี","ยุทธศาสตร์ชาติ, แผนพัฒนาเศรษฐกิจและสังคมแห่งชาติ, แผนแม่บทภายใต้ยุทธศาสตร์ชาติ, แผนปฏิรูปประเทศ, มติคณะรัฐมนตรี, พันธกิจหน่วยงาน","กลุ่มชาติพันธุ์, ชนเผ่า, นอกระบบการศึกษา, องค์กรเอกชน, เครือข่ายเด็กและเยาวชน, ในระบบการศึกษา","PDF","https://dgf.dcce.go.th/dataset/c4868c5c-9d5f-41fb-88b5-53198ee2bd90/resource/ffa7c79e-9a75-462d-af74-c3e753d9c27b/download/untitled.pdf"
"85c9b8d4-c812-425a-bfaa-58a38ef1a956","db0103-003","การผลิตที่เป็นมิตรกับสิ่งแวดล้อม (Green Production)","ข้อมูลแสดงจำนวนสถานประกอบการที่ผ่านเกณฑ์การประเมินการผลิตที่เป็นมิตรกับสิ่งแวดล้อม (Green Production) โดยเเบ่งเป็น 4 ระดับ คือ ระดับ Green Plus ระดับดีเยี่ยม ระดับดีมาก และระดับดี"," กองส่งเสริมการมีส่วนร่วมต่อการเปลี่ยนแปลงสภาพภูมิอากาศและสิ่งแวดล้อม","GGreen.GreenProduction@gmail.com","2013-01-01","2025-07-18","ข้อมูลสาธารณะ","ไทย","ตำบล","ปี","อื่นๆ","GGreenDEQP, Green Product, ผลิตภัณฑ์ที่เป็นมิตรกับสิ่งแวดล้อม, สถานประกอบการณ์ที่ผ่านเกณฑ์ประเมิน, สถานประกอบการที่เป็นมิตรกับสิ่งแวดล้อม, เกณฑ์ประเมินผลิตภัณฑ์, เป็นมิตรกับสิ่งแวดล้อม","XLSX, XLSX, XLSX","https://dgf.dcce.go.th/dataset/85c9b8d4-c812-425a-bfaa-58a38ef1a956/resource/2af2bd97-83dc-4636-8065-171cf154de23/download/data-catalog-green-production-66.xlsx, https://dgf.dcce.go.th/dataset/85c9b8d4-c812-425a-bfaa-58a38ef1a956/resource/9cffeaba-607e-4942-91d3-30a9b56a9f72/download/data-catalog-green-production-67.xlsx, https://dgf.dcce.go.th/dataset/85c9b8d4-c812-425a-bfaa-58a38ef1a956/resource/6fee2597-e79d-421d-8a97-dd5275dfb57f/download/data-catalog-green-production-65.xlsx"
"d72a8462-86f9-4f29-8ffc-5e5c60093787","thailand-ghg-reduction","ผลการลดก๊าซเรือนกระจกของประเทศไทย","ผลการดำเนินงานลดก๊าซเรือนกระจกของประเทศ จากสาขาต่าง ๆ ได้แก่ สาขาพลังงาน สาขาคมนาคมขนส่ง สาขากระบวนการอุตสาหกรรมและการใช้ผลิตภัณฑ์รวมถึงน้ำเสียอุตสาหกรรม และสาขาการจัดการของเสียชุมชน ซึ่งรวบรวมจากผลการดำเนินงานตามมาตรการการลดก๊าซเรือนกระจกของหน่วยงานต่าง ๆ ได้แก่ สำนักงานนโยบายและแผนพลังงาน สำนักงานนโยบายและแผนการขนส่งและจราจร กรมโรงงานอุตสาหกรรม และกรมควบคุมมลพิษ (รวบรวมข้อมูลจาก สผ. และได้ทำการถ่ายโอนภารกิจมา ซึ่งในรอบเวลาปรับปรุงข้อมูลถัดไป กรมเปลี่ยนแปลงจะเป็นผู้ทำการปรับปรุงข้อมูล)","กองขับเคลื่อนการลดก๊าซเรือนกระจก กรมการเปลี่ยนแปลงสภาพภูมิอากาศและสิ่งแวดล้อม","ccmcdatabase@onep.go.th","2024-01-25T03:13:57.060492","2024-05-20","ข้อมูลสาธารณะ","ไทย, อังกฤษ","ไม่มี","ปี","อื่นๆ","การลดก๊าซ, ก๊าซเรือนกระจก, ปริมาณการลดก๊าซเรือนกระจก, ผลการลดก๊าซเรือนกระจก","CSV","https://dgf.dcce.go.th/dataset/d72a8462-86f9-4f29-8ffc-5e5c60093787/resource/85960b9b-2468-4889-83c4-ef68ef787e5e/download/ghg-reduction_.csv"
"11c6c099-fbbd-474c-9562-872b8506652b","report-forest","รายงานการประชุม หารือข้อมูลพื้นที่เป้าหมายสำหรับการส่งเสริมการปลูกป่า เพื่อบรรลุเป้าหมายการดูดกลับก๊าซเรือนกระจกภายใต้ยุทธศาสตร์ระยะยาวในการพัฒนาแบบปล่อยก๊าซเรือนกระจกต่ำของประเทศไทย","ข้อมูลที่แสดงให้เห็นถึงรายงานการประชุมของหน่วยงาน เช่น (1) รายชื่อผู้เข้าร่วมประชุม (2) ข้อมูลพื้นที่ป่าของหน่วยงาน (3) เป้าหมาย และเงื่อนไขการส่งเสริมการปลูกป่าของหน่วยงาน (4) ความถี่ของการปรับปรุงข้อมูล (5) แผนปฎิบัติงานในการเพิ่มพื้นที่ป่าของหน่วยงาน","กลุ่มพัฒนาแนวทางและศักยภาพการลดก๊าซเรือนกระจก","capacitybuildingsec@dcce.mail.go.th","2024-08-14","2024-08-15","ข้อมูลใช้ภายใน","ไทย","ไม่มี","ปี","พันธกิจหน่วยงาน","ข้อมูลพื้นที่เป้าหมายสำหรับการส่งเสริมการปลูกป่า การดูดกลับก๊าซเรือนกระจก","",""
"5c46df14-551b-499e-8fc9-ce65a533a25b","db-0101-001","ข้อมูลการจัดสรรครุภัณฑ์คอมพิวเตอร์","ข้อมูลการจัดสรรครุภัณฑ์ จัหาคอมพิวเตอร์และเครือข่ายคอมพิวเตอร์เพื่อสนับสนุนการดำเนินงานขององค์กร
","กลุ่มพัฒนาเทคโนโลยีดิจิทัล","computercenter@dcce.mail.go.th","2024-01-31","2024-08-16","ข้อมูลใช้ภายใน","ไทย","ไม่มี","ปี","พันธกิจหน่วยงาน, อื่นๆ","เครื่องคอมพิวเตอร์ สำหรับงานประมวลผลแบบที่ 1, เครื่องคอมพิวเตอร์ สำหรับงานประมวลผลแบบที่ 2, โน๊ตบุ๊ก สำหรับงานประมวลผล, โน๊ตบุ๊ก สำหรับงานสำนักงาน","",""
"72206972-e4f2-4408-a447-4f5ee0f0ff8b","2567","การเสนอความเห็นเพื่อประกอบการประชุมคณะรัฐมนตรี","แบบการเสนอความเห็นเพื่อประกอบการประชุมคณะรัฐมนตรี ที่ ปคร.สส. จัดทำส่งไปยัง ปคร.ทส.","กลุ่มเลขานุการคณะกรรมการนโยบายการเปลี่ยนแปลงสภาพภูมิอากาศแห่งชาติ","sncc@dcce.mail.go.th","2024-07-31","2024-08-15","ข้อมูลใช้ภายใน","ไทย","ไม่มี","เดือน","มติคณะรัฐมนตรี","การประสานงาน ปคร., การเสนอความเห็น ปคร., ปคร","",""
"123fb7a8-2a8a-417c-801f-2f1f5ca3d523","ghgemission","การปล่อยและกักเก็บก๊าซเรือนกระจกของประเทศไทย","ปริมาณการปล่อยก๊าซเรือนกระจกของประเทศไทย ทั้ง 5 ภาคส่วน ได้แก่ 1) ภาคพลังงาน 2) ภาคกระบวนการอุตสาหกรรมและการใช้ผลิตภัณฑ์ 3) ภาคเกษตร 4) ภาคป่าไม้และการใช้ประโยชน์ที่ดิน และ 5) ภาคของเสีย 
(รวบรวมข้อมูลจาก สผ. และได้ทำการถ่ายโอนภารกิจมา ซึ่งในรอบเวลาปรับปรุงข้อมูลถัดไป กรมเปลี่ยนแปลงจะเป็นผู้ทำการปรับปรุงข้อมูล)","กองขับเคลื่อนการลดก๊าซเรือนกระจก กรมการเปลี่ยนแปลงสภาพภูมิอากาศและสิ่งแวดล้อม","ghginventory@dcce.mail.go.th","2024-01-25T03:01:33.588483","2022-12-27","ข้อมูลสาธารณะ","ไทย, อังกฤษ","ประเทศ","ปี","อื่นๆ","กักเก็บ, การปล่อยก๊าซ, ก๊าซเรือนกระจก, ปริมาณการกักเก็บก๊าซเรือนกระจก, ปริมาณการปล่อยก๊าซเรือนกระจก","CSV, CSV","https://dgf.dcce.go.th/dataset/123fb7a8-2a8a-417c-801f-2f1f5ca3d523/resource/00f42225-dfda-4f3e-b130-e6022e46c07b/download/ghg-emission-by-gas-.csv, https://dgf.dcce.go.th/dataset/123fb7a8-2a8a-417c-801f-2f1f5ca3d523/resource/9e265f83-111f-4d50-8077-a33a0fb0dd9b/download/ghg-emission-by-sector.csv"
"4e80edcc-bb5c-416d-b020-fc1ea1d60583","db0404-001","บัญชีการปล่อยก๊าซเรือนกระจกของประเทศไทย ภาคพลังงานและคมนาคมขนส่ง","การจัดทำบัญชีก๊าซเรือนกระจกของประเทศไทยเพื่อรายงานข้อมูลตามพันธกรณีของการเป็นภาคีสมาชิกของอนุสัญญาสหประชาชาติว่าด้วยการเปลี่ยนแปลงสภาพภูมิอากาศ หรือ United Nations Framework on Climate Change (UNFCCC) ซึ่งกำหนดให้มีการจัดทำและรายงานข้อมูลบัญชีก๊าซเรือนกระจกเพื่อเสนอต่อ UNFCCC","กลุ่มบัญชีก๊าซเรือนกระจก","parichat@dcce.mail.go.th","2024-08-13T18:08:21.787059","2024-08-28","ข้อมูลสาธารณะ","ไทย, อังกฤษ","ไม่มี","ปี","ยุทธศาสตร์ชาติ","บัญชีการปล่อยก๊าซเรือนกระจกภาคพลังงานและคมนาคมขนส่ง","CSV","https://dgf.dcce.go.th/dataset/4e80edcc-bb5c-416d-b020-fc1ea1d60583/resource/719b6a9b-a19d-4fbf-bf24-6d612475b17f/download/ghg-emission-gas-energy.csv"
"6ce39903-9a94-4f26-babd-191e4a7a058f","db0401-001","ขั้นตอนในการ รับ-ส่ง หนังสือด้วยระบบสารบรรณอิเล็กทรอนิกส์ ภายในกองขับเคลื่อนการลดก๊าซเรือนกระจก","การดำเนินงานที่เกี่ยวกับงานบริหารเอกสาร การรับ-ส่งการเก็บรักษา ด้วยระบบสารบรรณอิเล็กทรอนิกส์ 
เพื่อรองรับและสนับสนุนการปฏิบัติงานของกองขับเคลื่อนการลดก๊าซเรือนกระจกได้อย่างมีประสิทธิภาพ 
รวดเร็วและปลอดภัย ","ฝ่ายบริหารทั่วไป","ggmgeneraldcce@gmail.com","2024-08-14","2024-08-16","ข้อมูลสาธารณะ","ไทย, อังกฤษ","ไม่มี","ไม่มีการปรับปรุงหลังจากการจัดเก็บข้อมูล","พันธกิจหน่วยงาน","กองขับเคลื่อนการลดก๊าซเรือนกระจก, ขั้นตอน, ระบบสารบรรณอิเล็กทรอนิกส์, รับ-ส่ง, หนังสือ","PDF, JPEG","https://dgf.dcce.go.th/dataset/6ce39903-9a94-4f26-babd-191e4a7a058f/resource/83ae7524-11fc-417b-b59e-b2c777b7dbba/download/-..pdf, https://dgf.dcce.go.th/dataset/6ce39903-9a94-4f26-babd-191e4a7a058f/resource/087b46eb-3a01-405d-b65e-33a78709ffdf/download/-.jpg"
"55907e8e-6d46-4f22-ab82-265aa256cc0b","db0707-001","หลักสูตรบริหารการเปลี่ยนแปลงสภาพภูมิอากาศ","รายชื่อวิทยากร ห้วข้อวิชาฝึกอบรม ผู้ผ่านการฝึกอบรม เอกสารประกอบการฝึกอบรม","กลุ่มพัฒนาศักยภาพบุคลากรด้านการเปลี่ยนแปลงสภาพภูมิอากาศและสิ่งแวดล้อม","DCCEtraining@dcce.mail.go.th","2024-02-19","2024-03-28","ข้อมูลสาธารณะ","ไทย","ไม่มี","ปี","พันธกิจหน่วยงาน","การเปลี่ยนแปลงสภาพภูมิอากาศ","PDF, PDF, PDF, PDF","https://dgf.dcce.go.th/dataset/55907e8e-6d46-4f22-ab82-265aa256cc0b/resource/360276cd-82e7-4c6f-b540-216b02312409/download/1..pdf, https://dgf.dcce.go.th/dataset/55907e8e-6d46-4f22-ab82-265aa256cc0b/resource/a38734cd-5e62-4c1d-a65b-b28d4c02c630/download/2..pdf, https://cloud.dcce.go.th/wl/?id=MWPqZWsRkBy3M7WJ6ykyT0iUjg9uT9DB, https://cloud.dcce.go.th/wl/?id=MWPqZWsRkBy3M7WJ6ykyT0iUjg9uT9DB, https://dgf.dcce.go.th/dataset/55907e8e-6d46-4f22-ab82-265aa256cc0b/resource/d724a1af-ece4-45f7-8396-1c0f00ec1fd0/download/-.pdf"
"5d26cd0e-e974-4a59-9ccb-774aa3379f6f","db0706-003","คู่มือวิธีทดสอบหาปริมาณสารอินทรีย์ระเหยง่ายในบรรยากาศ","วิธีทดสอบหาปริมาณสารอินทรีย์ระเหยง่ายในบรรยากาศ โดยใช้ถังเก็บตัวอย่างอากาศ (Canister) และเครื่อง Preconcentrator
Gas Chromatography/Mass Spectrometry ใช้ในการทดสอบหาปริมาณสารอินทรีย์ระเหยง่าย (Volatile organic compounds; VOCs)
ในบรรยากาศ จำนวน 25 พารามิเตอร","กลุ่มมาตรฐานและห้องปฏิบัติการ","plernpis_p@yahoo.com","2025-03-03","2025-06-09T08:20:43.555827","ข้อมูลสาธารณะ","ไทย, อังกฤษ","ไม่มี","ปี","เพื่อการให้บริการประชาชน","สารอินทรีย์ระเหยง่ายในบรรยากาศ","PDF","https://dgf.dcce.go.th/dataset/5d26cd0e-e974-4a59-9ccb-774aa3379f6f/resource/4c7481d2-024b-414d-8325-d1e9514605b6/download/.pdf"
"21305df7-4e64-42a9-b908-393e2338d8a0","db0706-002","คู่มือการทดสอบสารไดออกซินในบรรยากาศ","ไดออกซิน (Dioxins) เป็นกลุ่มของสารเคมีที่มีโครงสร้างทางเคมีและคุณสมบัติที่คล้ายคลึงกัน ซึ่งมีมากกว่า 200 ชนิด ประกอบด้วย benzene ring 2 วง เชื่อมกันด้วยออกซิเจน 2 อะตอม ที่วางตัวในตำ แหน่งตรงข้ามกัน และมีคลอรีนแทนที่ไฮโดรเจนใน benzene ring ในตำ แหน่ง
ต่าง ๆ กัน พบมีประมาณ 30 ชนิดเท่านั้นที่ก่อให้เกิดพิษ โดยตัวที่ก่อให้เกิดพิษสูงที่สุด คือ2,3,7,8-tetrachlorodibenzo-para-dioxin (อาจเรียกย่อว่า 2,3,7,8-TCDD หรือ TCDD) ซึ่งเป็น isomer หรือ congener ของ dioxins","กลุ่มมาตรฐานและห้องปฏิบัติการ","saraban@dcce.mail.go.th","2024-06-11","2024-07-12","ข้อมูลสาธารณะ","ไทย, อังกฤษ","ไม่มี","ปี","เพื่อการให้บริการประชาชน","ไดออกซิน","PDF","https://dgf.dcce.go.th/dataset/21305df7-4e64-42a9-b908-393e2338d8a0/resource/3c628588-0517-4f0d-97a5-c2e0457a7374/download/_version-2_compressed.pdf"
"d4b31f23-dfd8-47bd-9ac1-e6294ad34c6f","pbl","แผนที่แสดงการเพิ่มขึ้น/ลดลงของละอองลอยในบรรยากาศเป็นผลจากความสูงชั้นบรรยากาศ PBL ครอบคลุมประเทศไทย","แผนที่แสดงการเพิ่มขึ้น/ลดลงของละอองลอยในบรรยากาศเป็นผลจากความสูงชั้นบรรยากาศ PBL ครอบคลุมประเทศไทย

สีแดง หมายถึง ในปีที่ค่า PC ค่าเป็นบวก ละอองลอยบริเวณนั้นลดลงเมื่อค่าความสูงชั้นบรรยากาศ PBL เพิ่มขึ้น หรือ ละอองลอยบริเวณนั้นเพิ่มขึ้นเมื่อค่าความสูงชั้นบรรยากาศ PBL ลดลง ในปีที่ค่า PC ค่าเป็นบวก และเกิดตรงกันข้ามในปีที่มีค่าเป็นลบ

สีน้ำเงิน หมายถึง ในปีที่ค่า PC ค่าเป็นลบ ละอองลอยบริเวณนั้นลดลงเมื่อค่าความสูงชั้นบรรยากาศ PBL เพิ่มขึ้น หรือ ละอองลอยบริเวณนั้นเพิ่มขึ้นเมื่อค่าความสูงชั้นบรรยากาศ PBL ลดลง และเกิดตรงกันข้ามในปีที่มีค่าเป็นบวก
","กลุ่มวิจัยด้านการปรับตัวต่อการเปลี่ยนแปลงสภาพภูมิอากาศ","cca.dcce@gmail.com","2023-10-01","2024-08-13","ข้อมูลสาธารณะ","ไทย, อังกฤษ","ประเทศ","ไม่มีการปรับปรุงหลังจากการจัดเก็บข้อมูล","เพื่อการให้บริการประชาชน, พันธกิจหน่วยงาน","AOD, PBL, ชุดข้อมูล, ละอองลอย, แผนที่","PDF","https://dgf.dcce.go.th/dataset/d4b31f23-dfd8-47bd-9ac1-e6294ad34c6f/resource/9798b710-e0ad-4136-8451-b30fb1dc3382/download/-pbl-.pdf"
"7c327ccf-dc17-40f8-942c-3df814c6fd2d","db0704-001","แผนที่แสดงความแปรปรวนของความสูงชั้นบรรยากาศ PBL","ชุดแผนที่แสดงความแปรปรวนของความสูงชั้นบรรยากาศ PBL

Mode หมายถึงรูปแบบในการเกิดการเพิ่มขึ้น/ลดลงของความสูงชั้นบรรยากาศ PBL
% หมายถึงสัดส่วนการเกิดขึ้นของรูปแบบนี้
สีแดง หมายถึง 1. ความสูงชั้นบรรยากาศ PBL บริเวณนั้น ลดลงเมื่อเส้นกราฟ PC ณ ขณะนั้นมีค่าเป็นบวก หรือ 2. ความสูงชั้นบรรยากาศ PBL เพิ่มขึ้นเมื่อเส้นกราฟ PC ณ ขณะนั้นมีค่าเป็นลบ 
สีน้ำเงิน หมายถึง 1. ความสูงชั้นบรรยากาศ PBL บริเวณนั้น เพิ่มขึ้นเมื่อเส้นกราฟ PC ณ ขณะนั้นมีค่าเป็นบวก หรือ 2. ความสูงชั้นบรรยากาศ PBL ลดลงเมื่อเส้นกราฟ PC ณ ขณะนั้นมีค่าเป็นลบ 
","กลุ่มวิจัยด้านการปรับตัวต่อการเปลี่ยนแปลงสภาพภูมิอากาศ","cca.dcce@gmail.com","2023-10-01","2024-08-13","ข้อมูลสาธารณะ","ไทย, อังกฤษ","ประเทศ","ไม่มีการปรับปรุงหลังจากการจัดเก็บข้อมูล","เพื่อการให้บริการประชาชน, พันธกิจหน่วยงาน","PBL, ชั้นความสูง PBL, แผนที่","PDF","https://dgf.dcce.go.th/dataset/7c327ccf-dc17-40f8-942c-3df814c6fd2d/resource/ec9a0c21-e029-4208-acd0-66af97b1bd78/download/-pbl.pdf"
"7a9911d3-dd36-42c0-8c8b-06e559a86bed","db0703-001","การศึกษาการปนเปื้อนและประสิทธิภาพการบำบัดไมโครพลาสติกในระบบน้ำเสียชุมชน","ชุดข้อมูลนี้แสดงสถานการณ์การปนเปื้อนและประสิทธิภาพการบำบัดไมโครพลาสติกในระบบน้ำเสียชุมชน โดยมี อปท. ประชาชน นักศึกษา อาจารย์มหาวิทยาลัย กรมควบคุมมลพิษ กรมทรัพยากรทางทะเลและชายฝั่ง และกรมการเปลี่ยนแปลงสภาพภูมิอากาศและสิ่งแวดล้อมใช้ประโยชน์จากงานวิจัยนี้","กลุ่มวิจัยด้านการลดก๊าซเรือนกระจก","suwimolteam@yahoo.com","2023-09-01","2025-03-25","ข้อมูลสาธารณะ","ไทย, อังกฤษ","ไม่มี","ปี","ยุทธศาสตร์ชาติ, แผนพัฒนาเศรษฐกิจและสังคมแห่งชาติ, เพื่อการให้บริการประชาชน, พันธกิจหน่วยงาน","ระบบบำบัดน้ำเสียชุมชน, ไมโครพลาสติก","PDF, PDF","https://dgf.dcce.go.th/dataset/7a9911d3-dd36-42c0-8c8b-06e559a86bed/resource/2b8bf413-5a9d-436e-8294-06ed5066c885/download/infographic-microplastics-data-catalog.pdf, https://dgf.dcce.go.th/dataset/7a9911d3-dd36-42c0-8c8b-06e559a86bed/resource/78df9a49-0f86-4463-9f37-1e94957a12b6/download/data-catalog-25.03.68.pdf"
"04f02cde-dd49-419a-8372-865961c4de93","db0702-001","รายงานผลงานวิจัย (Technical report)","งานวิจัยด้านสิ่งแวดล้อมคือการศึกษาวิจัยที่มุ่งเน้นไปที่การสำรวจและวิเคราะห์ปัญหาและปรากฏการณ์ที่เกี่ยวข้องกับสิ่งแวดล้อม ซึ่งรวมถึงการศึกษาผลกระทบของกิจกรรมมนุษย์ที่มีต่อธรรมชาติ การพัฒนาวิธีการในการป้องกันและแก้ไขปัญหาสิ่งแวดล้อม รวมถึงการพัฒนานโยบายและกลยุทธ์เพื่อการจัดการสิ่งแวดล้อมอย่างยั่งยืน","กลุ่มแผนงานวิจัยและความร่วมมือ","CERC.RPaCS@gmail.com","2004-01-01","2020-12-31","ข้อมูลสาธารณะ","ไทย","ไม่มี","ปี","พันธกิจหน่วยงาน","งานวิจัย, สิ่งแวดล้อม","PDF, PDF, PDF, PDF, PDF, PDF, PDF","https://dgf.dcce.go.th/dataset/04f02cde-dd49-419a-8372-865961c4de93/resource/b19d8197-c779-4b41-a411-fdcd7648d51d/download/-2561-2563.pdf, https://dgf.dcce.go.th/dataset/04f02cde-dd49-419a-8372-865961c4de93/resource/d3859329-fc22-4775-9548-2be05f939b21/download/-2558-2560_.pdf, https://dgf.dcce.go.th/dataset/04f02cde-dd49-419a-8372-865961c4de93/resource/d6504076-9e04-4677-a539-d7efb7765e34/download/-2555-2557_1.pdf, https://dgf.dcce.go.th/dataset/04f02cde-dd49-419a-8372-865961c4de93/resource/a9d6ed35-2d15-47f8-ac02-1081bbfe427c/download/-2553-2555_1.pdf, https://dgf.dcce.go.th/dataset/04f02cde-dd49-419a-8372-865961c4de93/resource/bc421888-7347-416d-8fbe-e85dbf3c5036/download/-2551-2552_.pdf, https://dgf.dcce.go.th/dataset/04f02cde-dd49-419a-8372-865961c4de93/resource/26f2e011-9d7a-41b7-895b-c21ae648d2f8/download/-2549-2550_.pdf, https://dgf.dcce.go.th/dataset/04f02cde-dd49-419a-8372-865961c4de93/resource/9a86d7fc-f10b-4a04-b96f-ba1c0c35796a/download/-2547-2548_.pdf"
"9b1b5218-ae6d-4412-963d-a307958e3199","db0701-001","รายชื่อนักวิจัยของศูนย์วิจัยการเปลี่ยนแปลงสภาพภูมิอากาศและสิ่งแวดล้อม","รายชื่อนักวิจัยของศูนย์วิจัยการเปลี่ยนแปลงสภาพภูมิอากาศและสิ่งแวดล้อม","ฝ่ายบริหารทั่วไป","cerc@dcce.mail.go.th","2024-08-01","2024-08-14","ข้อมูลความลับทางราชการ","ไทย","ไม่มี","ปี","พันธกิจหน่วยงาน","นักวิจัย, รัฐบาล, สิ่งแวดล้อม","",""
"cb65be5b-43f2-4bb3-a8c6-02f83e008ba6","self-assessment-report-sar-basic-green-city-2567","รายชื่อเมืองที่ผ่านการประเมินเมืองสิ่งแวดล้อมยั่งยืนด้วยตนเอง (Self-Assessment Report: SAR) และได้รับ Basic Green City","เมืองสิ่งแวดล้อมยั่งยืน หมายถึง เมืองที่มีการนำกรอบแนวคิด 4 องค์ประกอบ ได้แก่ เมืองอยู่ดี คนมีสุข สิ่งแวดล้อมยั่งยืน เมืองแห่งการเรียนรู้และการบริหารจัดการที่ดี ไปเป็นกรอบแนวทางในการพัฒนาเมืองให้มีความพร้อมรับปรับตัวต่อการเปลี่ยนแปลงสภาพภูมิอากาศ
เมืองที่ผ่านการประเมินเมืองสิ่งแวดล้อมยั่งยืนด้วยตนเอง หมายถึง เมืองที่ทำการประเมินเมืองสิ่งแวดล้อมยั่งยืนด้วยตนเองและผ่านเกณฑ์ 
ตามกรอบแนวคิด 4 องค์ประกอบ 34 ตัวชี้วัด ","กลุ่มส่งเสริมการจัดการสิ่งแวดล้อมเมืองยั่งยืน","deqpsar@gmail.com","2024-05-02","2024-05-02","ข้อมูลสาธารณะ","ไทย","เทศบาล/อบต.","ปี","ยุทธศาสตร์ชาติ, แผนพัฒนาเศรษฐกิจและสังคมแห่งชาติ, แผนแม่บทภายใต้ยุทธศาสตร์ชาติ, มติคณะรัฐมนตรี","เมืองสิ่งแวดล้อมยั่งยืน","XLSX","https://dgf.dcce.go.th/dataset/cb65be5b-43f2-4bb3-a8c6-02f83e008ba6/resource/b2deb8c3-0d8f-4669-9ee8-17bfa66c8491/download/submit-2024-103-.xlsx"
"05cddd62-3e7a-4c13-95f7-fb6127b956a0","dgf-dcce-go-th-dataset-db0999-999","ข้อมูลผลการดำเนินงานการจัดการพื้นที่สีเขียว","การส่งเสริมการจัดการพื้นที่สีเขียว ใน 3 พื้นที่เมืองสิ่งแวดล้อมยั่งยืน โดยกระบวนการมีส่วนร่วม ของกลุ่มเป้าหมาย ได้แก่ องค์กรปกครองส่วนท้องถิ่น หน่วยงานราชการ สถานศึกษา ภาคเอกชน และรัฐวิสาหกิจ เข้ามามีส่วนร่วมในการพัฒนาพื้นที่สีเขียวและบริหารจัดการพื้นที่สีเขียวอย่างมีประสิทธิภาพ ผ่านกิจกรรมการอบรมให้ความรู้ การประชุมหารือและวางแผน การประชุมเพื่อสร้างกระบวนการมีส่วนร่วม การประชุมทำแผนปฏิบัติการเพิ่มพื้นที่สีเขียว การจัดกิจกรรมเพื่อสนับสนุนการเพิ่มพื้นที่สีเขียว รวมทั้งช่องทางเพื่อติดตาม รายงานผลการจัดการพื้นที่สีเขียว","กองส่งเสริมการมีส่วนร่วมต่อการเปลี่ยนแปลงสภาพภูมิอากาศและสิ่งแวดล้อม","pcp@dcce.mail.go.th","2024-08-28","2024-08-28","ข้อมูลสาธารณะ","ไทย","เทศบาล/อบต.","ปี","ยุทธศาสตร์ชาติ, พันธกิจหน่วยงาน","การจัดการพื้นที่สีเขียว, การมีส่วนร่วม, พื้นที่สีเขียว","PDF","https://dgf.dcce.go.th/dataset/05cddd62-3e7a-4c13-95f7-fb6127b956a0/resource/d34dbe08-1f28-4e19-b9ed-def3cfdcac90/download/_compressed.pdf"
"835286c7-2444-4a37-95b2-7d3b98b7373a","db0999-999","คู่มือการส่งเสริมการมีส่วนร่วมในการจัดการพื้นที่สีเขียว","คู่มือการส่งเสริมการมีส่วนร่วมในการจัดการพื้นที่สีเขียว เป็นแนวทางให้หน่วยงานต่างๆ นำไปใช้ประยุกต์ใช้วางแผนการจัดการพื้นที่สีเขียวในพื้นที่ อย่างมีส่วนร่วม ครอบคลุมประเด็น 1) ด้านสัดส่วนพื้นที่สีเขียว 2) ด้านองค์ประกอบพืชพรรณ 
3) ด้านบทบาทหน้าที่พื้นที่สีเขียว 4) ด้านการบริหารจัดการ 5) ด้านการมีส่วนร่วม 6) ด้านการจัดทำข้อมูลพื้นที่
สีเขียว 7) ด้านนวัตกรรมการจัดการพื้นที่สีเขียว และ 8) ด้านการเปลี่ยนแปลงสภาพภูมิอากาศ","กองส่งเสริมการมีส่วนร่วมต่อการเปลี่ยนแปลงสภาพภูมิอากาศและสิ่งแวดล้อม","pcp@dcce.mail.go.th","2024-04-01","2024-08-28","ข้อมูลสาธารณะ","ไทย","ไม่มี","ปี","ยุทธศาสตร์ชาติ, พันธกิจหน่วยงาน","green area, การจัดการพื้นที่สีเขียว, การมีส่วนร่วม, คู่มือ, พื้นที่สีเขียว","PDF","https://dgf.dcce.go.th/dataset/835286c7-2444-4a37-95b2-7d3b98b7373a/resource/3e1be25b-5c4d-40d4-ac8d-715546811a3c/download/-.pdf"
"8469b48c-fb88-46ac-99cf-5c2a8c151d0b","ngos","องค์กรเอกชนด้านการคุ้มครองทรัพยากรธรรมชาติและสิ่งแวดล้อม","เป็นข้อมูลรายชื่อองค์กรเอกชนด้านการคุ้มครองทรัพยากรธรรมชาติและสิ่งแวดล้อมที่ขึ้นทะเบียนกับกรมการเปลี่ยนแปลงสภาพภูมิอากาศและสิ่งแวดล้อม","กลุ่มความร่วมมือองค์กรเอกชน  กองส่งเสริมการมีส่วนร่วมต่อการเปลี่ยนแปลงสภาพภูมิอากาศและสิ่งแวดล้อม","ngos.deqp@gmail.com","2014-01-01","2021-07-14","ข้อมูลสาธารณะ","ไทย, อังกฤษ","เทศบาล/อบต.","เดือน","กฎหมายที่เกี่ยวข้อง, พันธกิจหน่วยงาน","NGOs, องค์กรพัฒนาเอกชน, องค์กรเอกชน","JSON","https://datacenter.dcce.go.th/ngos/report/statistic/"
"4113a441-d590-4045-8067-74ede8919998","db0601-004","คู่มือขั้นตอนการจัดทำงบประมาณและแผนงาน","1) เพื่อแสดงรายละเอียดขั้นตอนการปฏิบัติงานของหน่วยงาน  
2) เพื่อให้เจ้าหน้าที่ของหน่วยงานมีความเข้าใจ และสามารถถ่ายทอดขั้นตอนการทำงานให้กับผู้เกี่ยวข้องหรือผู้เข้ามาปฏิบัติงานใหม่ได้","ฝ่ายบริหารทั่วไป กองส่งเสริมการมีส่วนร่วมต่อการเปลี่ยนแปลงสภาพภูมิอากาศและสิ่งแวดล้อม","saraban@dcce.mail.go.th","2024-02-14","2024-08-16","ข้อมูลสาธารณะ","ไทย","ไม่มี","ปี","อื่นๆ","งบประมาณ, แผนงบประมาณ","PDF","https://dgf.dcce.go.th/dataset/4113a441-d590-4045-8067-74ede8919998/resource/b331747f-0775-4101-8e8e-ee5bc08e8bff/download/-.pdf"
"9e7fa627-6187-4234-8d31-b33c3f4b0215","db0601-003","ขั้นตอนการลาของเจ้าหน้าที่ กสร.","1) เพื่อแสดงรายละเอียดขั้นตอนการปฏิบัติงานของหน่วยงาน  
2) เพื่อให้เจ้าหน้าที่ของหน่วยงานมีความเข้าใจ และสามารถถ่ายทอดขั้นตอนการทำงานให้กับผู้เกี่ยวข้องหรือผู้เข้ามาปฏิบัติงานใหม่ได้","ฝ่ายบริหารทั่วไป กองส่งเสริมการมีส่วนร่วมต่อการเปลี่ยนแปลงสภาพภูมิอากาศและสิ่งแวดล้อม","saraban@dcce.mail.go.th","2024-02-14","2024-08-16","ข้อมูลสาธารณะ","ไทย","ไม่มี","ปี","อื่นๆ","วันลา, สรุปวันลา","PDF","https://dgf.dcce.go.th/dataset/9e7fa627-6187-4234-8d31-b33c3f4b0215/resource/99f04e3d-2ca4-4d65-8f12-da47bb65f32c/download/-..pdf"
"d59f2371-1bec-4604-8365-c690e7a07560","db0601-002","คู่มือการดำเนินงานพัสดุ วงเงินไม่เกิน 500,000 บาท","1) เพื่อแสดงรายละเอียดขั้นตอนการปฏิบัติงานของหน่วยงาน  
2) เพื่อให้เจ้าหน้าที่ของหน่วยงานมีความเข้าใจ และสามารถถ่ายทอดขั้นตอนการทำงานให้กับผู้เกี่ยวข้องหรือผู้เข้ามาปฏิบัติงานใหม่ได้","ฝ่ายบริหารทั่วไป กองส่งเสริมการมีส่วนร่วมต่อการเปลี่ยนแปลงสภาพภูมิอากาศและสิ่งแวดล้อม","saraban@dcce.mail.go.th","2024-02-14","2024-08-16","ข้อมูลสาธารณะ","ไทย","ไม่มี","ปี","อื่นๆ","จัดจ้าง, จัดซื้อจัดจ้าง, จ้าง, ใบสั่งจ้าง","PDF","https://dgf.dcce.go.th/dataset/d59f2371-1bec-4604-8365-c690e7a07560/resource/82b107bd-852c-4993-aa95-1772b99380c7/download/5.pdf"
"77040fac-90c6-436b-81ea-a7bb44edb169","db0601-001","ขั้นตอนการ รับ-ส่ง หนังสือ","1) เพื่อแสดงรายละเอียดขั้นตอนการปฏิบัติงานของหน่วยงาน  
2) เพื่อให้เจ้าหน้าที่ของหน่วยงานมีความเข้าใจ และสามารถถ่ายทอดขั้นตอนการทำงานให้กับผู้เกี่ยวข้องหรือผู้เข้ามาปฏิบัติงานใหม่ได้","ฝ่ายบริหารทั่วไป กองส่งเสริมการมีส่วนร่วมต่อการเปลี่ยนแปลงสภาพภูมิอากาศและสิ่งแวดล้อม","saraban@dcce.mail.go.th","2024-02-14","2024-08-16","ข้อมูลสาธารณะ","ไทย","ไม่มี","ปี","อื่นๆ","รับ-ส่งหนังสือราชการ, หนังสือออก, หนังสือเข้า","PDF","https://dgf.dcce.go.th/dataset/77040fac-90c6-436b-81ea-a7bb44edb169/resource/8f658450-a9ca-4928-9282-748046e60b66/download/-.pdf"
"7909bd16-a3c1-4045-8512-2ee73b91f3c4","no-objection-procedure-nop","คู่มือการพิจารณาออกหนังสือรับรองที่ประเทศไทยไม่มีข้อคัดค้าน (No-Objection Procedure: NOP) ต่อข้อเสนอโครงการด้านการเปลี่ยนแปลงสภาพภูมิอากาศ"," กระบวนการพิจารณาออกหนังสือรับรองที่ประเทศไทยไม่มีข้อคัดค้าน (No-Objection Procedure: NOP) ต่อข้อเสนอโครงการด้านการเปลี่ยนแปลงสภาพภูมิอากาศ เพื่อขอรับการสนับสนุนทางการเงินจากกองทุนภูมิอากาศสีเขียว (Green Climate Fund: GCF) เป็นขั้นตอนการดำเนินการของภาครัฐ โดยกรมการเปลี่ยนแปลงสภาพภูมิอากาศและสิ่งแวดล้อม กระทรวงทรัพยากรธรรมชาติและสิ่งแวดล้อม ในฐานะหน่วยประสานงานหลัก (National Designated Authority: NDA) ของกองทุน GCF ประเทศไทย เพื่อพิจารณาคัดกรองโครงการและแผนงานที่ประสงค์จะขอรับการสนับสนุนทางการเงินจาก GCF","กลุ่มพัฒนามาตรการและกลไก","climatemeasure@gmail.com","2024-08-16","2024-08-28","ข้อมูลสาธารณะ","","ประเทศ","อื่นๆ","พันธกิจหน่วยงาน","GCF, Green Climate Fund, No objection Letter, กองทุนภูมิอากาศสีเขียว, คู่มือ, หนังสือรับรองที่ประเทศไทยไม่มีข้อคัดค้าน","JPEG","https://dgf.dcce.go.th/dataset/7909bd16-a3c1-4045-8512-2ee73b91f3c4/resource/2b0cf230-2c17-40a0-8010-33e7c4152214/download/messageimage_1723798397894.jpg"
"d6635690-f818-4f2e-b491-daefcb63de12","db0501-001","ขั้นตอนในการ รับ-ส่ง หนังสือภายใน กองยุทธศาสตร์และความร่วมมือระหว่างประเทศ","ขั้นตอนการรับ-ส่งหนังสือจากหน่วยงานภายในกรมและหน่วยงานภายนอกกรมฯ ที่ส่งถึงกองยุทธศาสตร์และความร่วมมือระหว่างประเทศและกองได้ทำหนังสือตอบกลับส่งไปยังหน่วยงานภายในกรมและหน่วยงานภายนอกกรม","ฝ่ายบริหารทั่วไป","boriharn.2566@gmail.com","2024-03-01","2024-08-27","ข้อมูลสาธารณะ","ไทย","ไม่มี","ปี","อื่นๆ","ของกองยุทธศาสตร์, รับ-ส่งหนังสือ","PDF","https://dgf.dcce.go.th/dataset/d6635690-f818-4f2e-b491-daefcb63de12/resource/b49e3f3e-79c5-452b-91b7-e79a6814253d/download/-.pdf"
"f3282035-8a72-4321-bfa4-36a668119f98","db0407-001","พรรณไม้ในเขตพื้นที่เมืองและชุมชน","จากยุทธศาสตร์ชาติด้านการสร้างการเติบโตบนคุณภาพชีวิตที่เป็นมิตรกับสิ่งแวดล้อม เพื่อให้บรรลุเป้าหมายการพัฒนาที่ยั่งยืน การรักษาและเพิ่มพื้นที่สีเขียวในเขตเมืองและชุมชนนับเป็นวิธีที่มีประโยชน์หลากหลายด้าน อาทิ ช่วยดักจับฝุ่นละออง ลดอุณหภูมิอาคารบ้านเรือน เป็นที่พักผ่อนหย่อนใจ เพิ่มความหลากหลายทางชีวภาพ และช่วยกักเก็บคาร์บอนซึ่งเป็นสาเหตุสำคัญของการเพิ่มขึ้นของอุณหภูมิเฉลี่ยของโลก ชุดข้อมูลพรรณไม้ในเขตพื้นที่เมืองและชุมชน ได้รวบรวมพรรณไม้ที่ได้จากการลงข้อมูลต้นไม้ในพื้นที่สีเขียวของหน่วยงานทุกภาคส่วนในระบบ Green Area ระหว่างปี ค.ศ. 2022 ถึงปี ค.ศ. 2024","กลุ่มฐานข้อมูลกลางด้านการเปลี่ยนแปลงสภาพภูมิอากาศและสิ่งแวดล้อม","datacce@dcce.mail.go.th","2022-05-17","2024-07-31","ข้อมูลสาธารณะ","ไทย, อังกฤษ","จังหวัด","ปี","ยุทธศาสตร์ชาติ","GreenArea, พรรณไม้ในเขตชุมชน, พรรณไม้ในเขตเมือง, พื้นที่สีเขียว","XLSX","https://dgf.dcce.go.th/dataset/f3282035-8a72-4321-bfa4-36a668119f98/resource/f60237a7-2c06-4825-a888-85aaade1e449/download/-template2.xlsx"
"02085a54-6fc0-41d1-b13b-d27f0d1b3ca7","db0404-002","บัญชีการปล่อยก๊าซเรือนกระจกภาคกระบวนการอุตสาหกรรมและการใช้ผลิตภัณฑ์","การจัดทำบัญชีก๊าซเรือนกระจกของประเทศไทยเพื่อรายงานข้อมูลตามพันธกรณีของการเป็นภาคีสมาชิกของอนุสัญญาสหประชาชาติว่าด้วยการเปลี่ยนแปลงสภาพภูมิอากาศ หรือ United Nations Framework on Climate Change (UNFCCC) ซึ่งกำหนดให้มีการจัดทำและรายงานข้อมูลบัญชีก๊าซเรือนกระจกเพื่อเสนอต่อ UNFCCC","กลุ่มบัญชีก๊าซเรือนกระจก","parichat@dcce.mail.go.th","2024-08-15T15:48:21.604510","2024-08-29","ข้อมูลสาธารณะ","ไทย, อังกฤษ","ไม่มี","ปี","ยุทธศาสตร์ชาติ","การปล่อยก๊าซเรือนกระจกของประเทศไทย ภาคกระบวนการอุตสาหกรรมและการใช้ผลิตภัณฑ์","CSV","https://dgf.dcce.go.th/dataset/02085a54-6fc0-41d1-b13b-d27f0d1b3ca7/resource/cd113728-dee6-476d-9b83-de7f5bae41e7/download/ghg-emission-gas-ippu.csv"
"96e8daaa-75b1-4606-a92a-443d1066ec5a","db0307-004","รายงานสรุุปผลการจัดฝึกอบรมภายใต้โครงการโรงเรียนอีโคสคูล","สรุปผลการฝึกอบรมเชิงปฏิบัติการ","กองขับเคลื่อนการปรับตัวต่อการเปลี่ยนแปลงสภาพภูมิอากาศ","thailandecoschool@gmail.com","2024-03-13","2024-04-01","ข้อมูลสาธารณะ","","จังหวัด","ปี","พันธกิจหน่วยงาน","สรุปผลการฝึกอบรมเชิงปฏิบัติการ","PDF","https://dgf.dcce.go.th/dataset/96e8daaa-75b1-4606-a92a-443d1066ec5a/resource/4058dcac-c530-43dd-a65e-fe9795024803/download/-2567.pdf"
"149dd55a-7b02-4d97-9ea8-375653c6066e","db0307-003","รายชื่ื่อผู้บริหาร ครู บุคลากรทางการศึกษา ศึกษานิเทศน์ ที่ผ่านการอบรมภายใต้โครงการโรงเรียนอีโคสคูล","ทำเนียบระดับกลาง ","กองขับเคลื่อนการปรับตัวต่อการเปลี่ยนแปลงสภาพภูมิอากาศ","thailandecoschool@gmail.com","2024-08-22T09:08:27.492335","2025-06-09T07:55:39.016556","ข้อมูลสาธารณะ","ไทย","จังหวัด","ปี","พันธกิจหน่วยงาน","ทำเนียบระดับกลาง","",""
"b928e827-b3a8-4a76-80dd-62b540e1f95a","db0307-002","รายงานสรุปผลการดำเนินโครงการโรงเรียนอีโคสคูล","สรุปผลการดำเนินงาน Eco-School ","กองขับเคลื่อนการปรับตัวต่อการเปลี่ยนแปลงสภาพภูมิอากาศ","thailandecoschool@gmail.com","2024-08-22T09:04:42.141514","2025-06-09T07:55:13.331346","ข้อมูลสาธารณะ","ไทย","จังหวัด","ปี","พันธกิจหน่วยงาน","สรุปผลการดำเนินงาน Eco-School","",""
"35053b14-b8a0-4ec8-97c2-0d0d95a68c48","db0301-001","ขั้นตอนจัดซื้อจัดจ้างวัสดุ/ครุภัณฑ์","กระบวนการของการจัดซื้อจัดจ้าง","ฝ่ายบริหารทั่วไป","cca.5dcce@gmail.com","2023-10-01","2023-10-01","ข้อมูลสาธารณะ","ไทย","ไม่มี","ปี","พันธกิจหน่วยงาน","จัดซื้อจัดจ้าง","PDF","https://dgf.dcce.go.th/dataset/35053b14-b8a0-4ec8-97c2-0d0d95a68c48/resource/e3d4647b-b3b6-48d1-8150-cc332da33ffb/download/-.pdf"
"c296d730-2ade-4bb3-ae56-861e98ce1609","db0204-001","คำของบประมาณรายจ่ายประจำปี","การจัดทำคำของบประมาณรายจ่ายประจำปี ดำเนินการตามพระราชบัญญัติวิธีการงบประมาณ พ.ศ. 2561  หมวดที่ 4 การจัดทำงบประมาณ ส่วนที่ ๑ การขอตั้งงบประมาณรายจ่ายมาตรา ๒๕ ภายใต้บังคับมาตรา ๒๘ ให้รัฐมนตรีเจ้าสังกัดหรือรัฐมนตรีซึ่งกฎหมายกําหนดให้มีหน้าที่กํากับหรือควบคุมกิจการของหน่วยรับงบประมาณหรือรัฐมนตรีผู้รักษาการตามกฎหมายมีหน้าที่รับผิดชอบในการยื่นคําขอตั้งงบประมาณรายจ่ายของหน่วยรับงบประมาณนั้นต่อผู้อํานวยการตามหลักเกณฑ์วิธีการและระยะเวลาที่ผู้อํานวยการกําหนดการยื่นคําขอตั้งงบประมาณรายจ่ายตามวรรคหนึ่งอย่างน้อยต้องแสดงวัตถุประสงค์แผนการปฏิบัติงานและแผนการใช้จ่ายงบประมาณและให้จัดส่งรายงานเกี่ยวกับเงินนอกงบประมาณตามหลักเกณฑ์และวิธีการที่ผู้อํานวยการกําหนด","กลุ่มแผนงานและติดตามประเมินผล","plandcce2025@gmail.com","2024-01-17","2025-03-03","ข้อมูลสาธารณะ","ไทย","จังหวัด","ปี","ยุทธศาสตร์ชาติ, แผนพัฒนาเศรษฐกิจและสังคมแห่งชาติ, แผนแม่บทภายใต้ยุทธศาสตร์ชาติ, แผนระดับที่ 3 (มติครม. 4 ธ.ค. 2560), นโยบายรัฐบาล/ข้อสั่งการนายกรัฐมนตรี, มติคณะรัฐมนตรี, พันธกิจหน่วยงาน, ดัชนี/ตัวชี้วัดระดับนานาชาติ, อื่นๆ","คำขอ, คำของบประมาณ, คำของบประมาณรายจ่ายประจำปี","PDF","https://dgf.dcce.go.th/dataset/c296d730-2ade-4bb3-ae56-861e98ce1609/resource/5200a62c-36ca-4b34-84f8-fd7450ebdf79/download/-69.pdf"
"c469e24e-6f3a-4d57-a837-45a1504759fd","db0202-002","บัญชีรายชื่อลูกจ้างประจำ","บัญชีรายชื่อลูกจ้างประจำ กรมการเปลี่ยนแปลงสภาพภูมิอากาศและสิ่งแวดล้อม(กรมฯ) เป็นบัญชีข้อมูลที่มีวัตถุประสงค์เพื่อให้หน่วยงานภายในกรมฯ สามารถเข้าถึงข้อมูลบุคลากรของกรมฯ ได้  โดยข้อมูลในบัญชีนี้ ประกอบด้วย คำนำหน้านาม ชื่อ ชื่อสุกล ตำแหน่งเลขที่ ชื่อตำแหน่ง ประเภทสายงาน ระดับของตำแหน่ง สังกัดระดับกอง สังกัดระดับกลุ่ม/ฝ่าย ซึ่งเป็นข้อมูลที่จัดเก็บจากเจ้าตัว จากระบบ SEIS หรือระบบ DPIS เป็นต้น","กลุ่มบริหารทรัพยากรบุคคล","hr_dcce@dcce.mail.go.th","2024-08-01","2025-03-27","ข้อมูลส่วนบุคคล","ไทย","ไม่มี","เดือน","อื่นๆ","ข้อมูลบุคลากร, ข้อมูลลูกจ้างประจำ, งานบริหารทรัพยากรบุคคล, งานบุคคล, บุคลากร, ลูกจ้างประจำ","",""
"2fb2056d-0d94-4e50-9f73-5602a98049de","db0202-003","บัญชีรายชื่อพนักงานราชการ","บัญชีรายชื่อพนักงานราชการ กรมการเปลี่ยนแปลงสภาพภูมิอากาศและสิ่งแวดล้อม(กรมฯ) เป็นบัญชีข้อมูลที่มีวัตถุประสงค์เพื่อให้หน่วยงานภายในกรมฯ สามารถเข้าถึงข้อมูลบุคลากรของกรมฯ ได้  โดยข้อมูลในบัญชีนี้ ประกอบด้วย คำนำหน้านาม ชื่อ ชื่อสุกล ตำแหน่งเลขที่ ชื่อตำแหน่ง ประเภทของกลุ่มงาน ระดับของตำแหน่ง สังกัดระดับกอง สังกัดระดับกลุ่ม/ฝ่าย ซึ่งเป็นข้อมูลที่จัดเก็บจากเจ้าตัว จากระบบ SEIS หรือระบบ DPIS เป็นต้น","กลุ่มบริหารทรัพยากรบุคคล","hr_dcce@dcce.mail.go.th","2024-08-01","2025-03-27","ข้อมูลส่วนบุคคล","ไทย","ไม่มี","เดือน","อื่นๆ","ข้อมูลบุคลากร, ข้อมูลพนักงานราชการ, ข้าราชการ, งานบริหารทรัพยากรบุคคล, งานบุคคล, บุคลากร","",""
"85d1217a-32f1-4cee-8614-032fc6c3e7a6","db0202-001","บัญชีรายชื่อข้าราชการ","บัญชีรายชื่อข้าราชการ กรมการเปลี่ยนแปลงสภาพภูมิอากาศและสิ่งแวดล้อม(กรมฯ) เป็นบัญชีข้อมูลที่มีวัตถุประสงค์เพื่อให้หน่วยงานภายในกรมฯ สามารถเข้าถึงข้อมูลบุคลากรของกรมฯ ได้  โดยข้อมูลในบัญชีนี้ ประกอบด้วย คำนำหน้านาม ชื่อ ชื่อสุกล ตำแหน่งเลขที่ ชื่อตำแหน่ง ประเภทของตำแหน่ง ระดับของตำแหน่ง สังกัดระดับกอง สังกัดระดับกลุ่ม/ฝ่าย ซึ่งเป็นข้อมูลที่จัดเก็บจากเจ้าตัว จากระบบ SEIS หรือระบบ DPIS เป็นต้น","กลุ่มบริหารทรัพยากรบุคคล","hr_dcce@dcce.mail.go.th","2024-08-01","2025-03-27","ข้อมูลส่วนบุคคล","ไทย","ไม่มี","เดือน","อื่นๆ","ข้อมูลข้าราชการ, ข้อมูลบุคลากร, ข้าราชการ, งานบริหารทรัพยากรบุคคล, งานบุคคล, บุคลากร","",""
"f483def7-c8ba-4fb7-a87f-197386de3827","db0201-001","รายการหนังสือที่เข้ามาถึงกรมฯ","เอกสาร หนังสือ และจดหมาย จากหน่วยงานที่ส่งมาถึงกรมฯ","ฝ่ายบริหารทั่วไป","saraban@dcce.mail.go.th","2024-01-01","2024-07-31","ข้อมูลสาธารณะ","ไทย, อังกฤษ","ไม่มี","ปี","เพื่อการให้บริการประชาชน","หนังสือภายนอก","XLSX","https://dgf.dcce.go.th/dataset/f483def7-c8ba-4fb7-a87f-197386de3827/resource/7110f5f4-ee7b-4646-88c5-9bd3f3837454/download/-1-15-2567.xlsx"
"2f040a66-ff96-43e4-9d16-6fc6bd509eae","dcceindicators","ผลการประเมินส่วนราชการตามมาตรการปรับปรุงประสิทธิภาพในการปฏิบัติราชการ","ผลการประเมินส่วนราชการตามมาตรการปรับปรุงประสิทธิภาพในการปฏิบัติราชการ เป็นเครื่องมือสำคัญในการพัฒนาระบบการดำเนินงานของส่วนราชการในการขับเคลื่อนภารกิจสำคัญของรัฐบาล ให้บรรลุต่อเป้าหมายตามยุทธศาสตร์ของประเทศ และองค์กรสามารถนำผลจากการดำเนินงานตามตัวชี้วัดไปใช้ประโยชน์ด้านการขับเคลื่อนตามภารกิจสำคัญของรัฐบาล การแก้ไขปัญหา และการอำนวยความสะดวกแก่ประชาชน","กลุ่มพัฒนาระบบบริหาร","psd_deqp@dcce.mail.go.th","2021-10-01","2025-03-14","ข้อมูลสาธารณะ","ไทย","ไม่มี","ปี","ยุทธศาสตร์ชาติ, แผนพัฒนาเศรษฐกิจและสังคมแห่งชาติ, แผนแม่บทภายใต้ยุทธศาสตร์ชาติ, แผนปฏิรูปประเทศ, แผนระดับที่ 3 (มติครม. 4 ธ.ค. 2560), นโยบายรัฐบาล/ข้อสั่งการนายกรัฐมนตรี, มติคณะรัฐมนตรี, พันธกิจหน่วยงาน, ดัชนี/ตัวชี้วัดระดับนานาชาติ","การประเมิน, ตัวชี้วัด, ประเมินผล","PDF, PDF, PDF","https://dgf.dcce.go.th/dataset/2f040a66-ff96-43e4-9d16-6fc6bd509eae/resource/89645e56-6ebb-4e02-ab62-5cc82ec4932d/download/-65-12-e-sar-7-..-65.pdf, https://dgf.dcce.go.th/dataset/2f040a66-ff96-43e4-9d16-6fc6bd509eae/resource/60d4a60d-7790-4e7f-b6e0-ee3bd5848c99/download/08_.pdf, https://dgf.dcce.go.th/dataset/2f040a66-ff96-43e4-9d16-6fc6bd509eae/resource/85ece65a-38b1-4848-a289-e54d64cd8a42/download/-67-08_.pdf"
"648918f1-632e-49ab-a07d-b23ad9d38b03","db0101-001","แผนการตรวจสอบประจำปีงบประมาณ","ขั้นตอนการจัดทำแผนงานตรวจสอบ
ขั้นตอนที่ 1 การสำรวจเบื้องต้น 
การประเมินความเสี่ยงเบื้องต้น เป็นการสร้างความคุ้นเคยของผู้ตรวจสอบภายใน โดยการศึกษาข้อมูลจากการจัดแบ่งส่วนงาน โครงสร้าง นโยบาย เป้าหมาย 
วัตถุประสงค์ ระเบียบปฏิบัติขององค์กรและทำความเข้าใจเกี่ยวกับแผนกลยุทธ์ แผนการปฏิบัติงานและคู่มือการปฏิบัติงาน หรืออาจใช้วิธีการประชุมหารือกับ
ผู้บริหารหน่วยรับตรวจ สัมภาษณ์หัวหน้าหน่วยรับตรวจและเจ้าหน้าที่ที่เกี่ยวข้อง สังเกตการณ์ปฏิบัติงานจริงหรืองานตรวจสอบภายในปีที่ผ่านมา
ขั้นตอนที่ 2 การประเมินผลระบบการควบคุมภายใน
ผู้ตรวจสอบภายในประเมินผลระบบการควบคุมภายในของแต่ละหน่วยงานของกรมการเปลี่ยนแปลงสภาพภูมิอากาศและสิ่งแวดล้อม โดยพิจารณาถึงความเหมาะสม และความเพียงพอของระบบการควบคุมภายใน ซึ่งประกอบด้วยองค์ประกอบ 5 องค์ประกอบ สภาพแวดล้อมการควบคุม (Control Environment) การประเมินความเสี่ยง (Risk Assessment) กิจกรรมการควบคุม (Control Activities) สารสนเทศและการสื่อสาร (Information and Communication) การติดตามและประเมินผล (Monitoring and Evaluation) 
ขั้นตอนที่ 3 การประเมินความเสี่ยง (Risk Assessment)
นำข้อมูลจากขั้นที่ 1 และ 2 นำมาทบทวนเกณฑ์การประเมินความเสี่ยงเพื่อการวางแผนการตรวจสอบโดยจัดส่งแบบสอบถามการประเมินความเสี่ยงระดับหน่วยงานและระดับกิจกรรมให้หน่วยรับตรวจประเมินความเสี่ยงแล้ว              กลุ่มตรวจสอบภายในเห็นนำมาพิจารณาและวิเคราะห์ประเมินความเสี่ยงตามเกณฑ์ที่กลุ่มตรวจสอบภายในกำหนด
ขั้นตอนที่ 4 - 5 จัดทำแผนการตรวจสอบ การประชุมแผกนการตรวจสอบ และเสนออธิบดีอนุมัติ
1. นำคะแนนผลการประเมินความเสี่ยงระดับหน่วยงานและระดับกิจกรรม มาจัดช่วงความเสี่ยง เพื่อให้ได้หน่วยงานหรือกิจกรรมใดที่มีความเสี่ยงในระดับสูงเพียงใด ที่ควรวางแผนการตรวจสอบในปีแรก ๆ และไล่ความเสี่ยงตามลำดับที่คำนวณได้ในปีถัด ๆ ไป
2. พิจารณาข้อมูลจากที่อื่นๆ นำมาประกอบการจัดทำแผนการตรวจสอบ เช่น นโยบายของผู้บริหาร ข้อมูลของ สตง. ฯลฯ
3. จัดทำแผนการตรวจสอบโดยการนำข้อมูลข้อ 1 -  2 มาจัดทำและพิจารณาในรายละเอียดดังนี้
- กำหนดวัตถุประสงค์ในเรื่องหรือกิจกรรมที่ทำการตรวจสอบ เพื่อจะได้วางแผนการปฏิบัติงานตรวจสอบให้บรรลุวัตถุประสงค์ที่กำหนดไว้
- กำหนดขอบเขตการปฏิบัติงานตรวจสอบเกี่ยวกับหน่วยรับตรวจ เรื่องที่ตรวจสอบ ความถี่ในการตรวจสอบ ระยะเวลาในการตรวจสอบ และจำนวนคน / วัน
- กำหนดผู้รับผิดชอบในการตรวจสอบ โดยระบุชื่อผู้รับผิดชอบในการตรวจสอบ
- กำหนดงบประมาณที่ใช้ปฏิบัติงานตรวจสอบ โดยระบุงบประมาณที่จะใช้ปฏิบัติงานตรวจสอบทั้งปีโดยแยกรายงานให้ชัดเจน เช่น ค่าเบี้ยเลี้ยง ค่าที่พัก และค่าพาหนะ ฯลฯ
4. เสนออธิบดีอนุมัติแผนการตรวจสอบภายในเดือนกันยายน
ขั้นตอนที่ 6 การเผยแพร่แผนการตรวจสอบประจำปี
- เผยแพร่แผนการตรวจสอบ โดยแจ้งเวียนให้หน่วยรับตรวจทราบ และเผยแพร่ในเว็บไซต์กรมการเปลี่ยนแปลงสภาพภูมิอากาศและสิ่งแวดล้อม","กลุ่มตรวจสอบภายใน","audit.deqp@gmail.com","2023-09-13","2023-09-13","ข้อมูลสาธารณะ","ไทย","ไม่มี","ปี","อื่นๆ","ตรวจสอบด้วยความถูกต้อง โปร่งใส และ เที่ยงธรรม","PDF","https://dgf.dcce.go.th/dataset/648918f1-632e-49ab-a07d-b23ad9d38b03/resource/6991e36b-c483-42a5-bd1e-f3b7fe6a4736/download/-..2567.pdf"
"5839070a-50ce-48cb-a6e6-350b6514e7d1","db0104-003","ข้อมูลพื้นที่สีเขียวในเขตเมืองและชุมชน","เป็นข้อมูลรายชื่อโครงการพื้นที่สีเขียว"," กองส่งเสริมการมีส่วนร่วมต่อการเปลี่ยนแปลงสภาพภูมิอากาศและสิ่งแวดล้อม","greenarea@deqp.mail.go.th","2017-01-01","2021-06-03","ข้อมูลสาธารณะ","ไทย","พิกัด","วัน","อื่นๆ","ชุมชนสีเขียว, พื้นที่สีเขียว, เมืองสีเขียว","JSON","http://greenarea.dcce.go.th/api/get_greenarea_v4.php"
"3e872f1a-8142-4ca1-ae95-a62cd3a234d1","gd-mmd-carboncredit","แนวทางและกลไกการบริหารจัดการคาร์บอนเครดิต","แนวทางและกลไกการดำเนินงานเกี่ยวกับการบริหารจัดการคาร์บอนเครดิตเพื่อวัตถุประสงค์ภายในประเทศ และเพื่อวัตถุประสงค์ระหว่างประเทศ ในการสนับสนุนการบรรลุเป้าหมายการลดก๊าซเรือนกระจกของประเทศภายใต้ความตกลงปารีส และกรอบอนุสัญญาสหประชาชาติว่าด้วยการเปลี่ยนแปลงสภาพภูมิอากาศ ให้เป็นไปอย่างมีประสิทธิภาพ (รวบรวมข้อมูลจาก สำนักงานนโยบายและแผนทรัพยากรธรรมชาติและสิ่งแวดล้อม (สผ.) และได้ทำการถ่ายโอนภารกิจมา ซึ่งในรอบเวลาปรับปรุงข้อมูลถัดไป กรมการเปลี่ยนแปลงสภาพภูมิอากาศและสิ่งแวดล้อมจะเป็นผู้ทำการปรับปรุงข้อมูล)","กองยุทธศาสตร์และความร่วมมือระหว่างประเทศ กรมการเปลี่ยนแปลงสภาพภูมิอากาศและสิ่งแวดล้อม","climatemeasure@onep.go.th","2024-09-26T03:39:27.119742","2024-09-26T04:18:13.729901","ข้อมูลสาธารณะ","ไทย","ไม่มี","ไม่ทราบ","ไม่ทราบ","carbon credit, คาร์บอนเครดิต","PDF","https://dgf.dcce.go.th/dataset/3e872f1a-8142-4ca1-ae95-a62cd3a234d1/resource/f386c73a-6a41-41f3-913e-1ed41971a62b/download/20220525-carbon-credit-2.pdf"
"68219979-a9a8-4422-8940-7cd451f2ac1f","policy-1","แผนแม่บทรองรับการเปลี่ยนแปลงสภาพภูมิอากาศ","แผนแม่บทรองรับการเปลี่ยนแปลงสภาพภูมิอากาศของประเทศไทย ประกอบด้วย แนวโน้ม/สถานการณ์การเปลี่ยนแปลงสภาพภูมิอากาศของประเทศไทยและต่างประเทศ วิสัยทัศน์ เป้าหมายของแผน และแนวทางและมาตรการใน 3 เรื่องหลัก ได้แก่ (1) การปรับตัวต่อผลกระทบจากการเปลี่ยนแปลงสภาพภูมิอากาศ 6 สาขา ได้แก่ การจัดการน้ำ อุทกภัยและภัยแล้ง การเกษตรและความมั่นคงทางอาหาร สาธารณสุข การท่องเที่ยว การจัดการทรัพยากรธรรมชาติ และการตั้งถิ่นฐานและความมั่นคงของมนุษย์ (2) การลดก๊าซเรือนกระจกและส่งเสริมการเติบโตที่ปล่อยคาร์บอนต่ำ 8 สาขา ได้แก่ การผลิตไฟฟ้า คมนาคมขนส่ง การใช้พลังงานในอาคาร อุตสาหกรรม ของเสีย เกษตร ป่าไม้ และการจัดการเมือง (3) การสร้างขีดความสามารถด้านการบริหารจัดการการเปลี่ยนแปลงสภาพภูมิอากาศ ได้แก่ การพัฒนางานวิจัย เทคโนโลยี กลไกสนับสนุนการดำเนินงาน การสร้างความตระหนักรู้ และแนวทางความร่วมมือ รวมทั้ง แนวทางการขับเคลื่อนและติดตามประเมินการดำเนินงานตามแผนฯ (รวบรวมข้อมูลจาก สผ. และได้ทำการถ่ายโอนภารกิจมา ซึ่งในรอบเวลาปรับปรุงข้อมูลถัดไป กรมเปลี่ยนแปลงจะเป็นผู้ทำการปรับปรุงข้อมูล)","กองยุทธศาสตร์และความร่วมมือระหว่างประเทศ กรมการเปลี่ยนแปลงสภาพภูมิอากาศและสิ่งแวดล้อม","ccmcpolicy@onep.go.th","2014-11-20","2024-05-20","ข้อมูลสาธารณะ","ไทย","ไม่มี","ปี","แผนระดับที่ 3 (มติครม. 4 ธ.ค. 2560)","การบริหารจัดการการเปลี่ยนแปลงสภาพภูมิอากาศ, การปรับตัว, การลดก๊าซเรือนกระจก, การเปลี่ยนแปลงสภาพภูมิอากาศ, สภาพภูมิอากาศ, แผนแม่บท","PDF","https://dgf.dcce.go.th/dataset/68219979-a9a8-4422-8940-7cd451f2ac1f/resource/d348b425-194a-4198-939b-bea0effdb227/download/ccmp_58-93_th.pdf"
"113ee6ae-b2bb-4c7a-bcf6-9dec67426dca","db0102-001","สมาชิกอาสาสมัครพิทักษ์ทรัพยากรธรรมชาติและสิ่งแวดล้อมหมู่บ้าน","เป็นข้อมูลสมาชิกอาสาสมัครพิทักษ์ทรัพยากรธรรมชาติและสิ่งแวดล้อมประจำหมู่บ้านทั่วประเทศ"," กองส่งเสริมการมีส่วนร่วมต่อการเปลี่ยนแปลงสภาพภูมิอากาศและสิ่งแวดล้อม","data_deqp@hotmail.com","2014-01-01","2021-05-18","ข้อมูลสาธารณะ","ไทย","จังหวัด","ปี","แผนพัฒนาเศรษฐกิจและสังคมแห่งชาติ, กฎหมายที่เกี่ยวข้อง, พันธกิจหน่วยงาน, อื่นๆ","ทสม., พิทักษ์สิ่งแวดล้อมหมู่บ้าน, อาสาสมัครพิทักษ์ทรัยพยากรธรรมชาติและสิ่งแวดล้อม, อาสาสมัครสิ่งแวดล้อมหมู่บ้าน, อาสาสมัครหมู่บ้าน","JSON","https://datacenter.dcce.go.th/services/tsm/member-list/"
"8435d83e-b8d1-4d5b-90bc-f8355f658f2a","db0103-008","ข้อมูลอุทยานแห่งชาติสีเขียว (Green National Park)","รายชื่ออุทยานแห่งชาติที่ได้รับการรับรองสถานะอุทยานสีเขียว
"," กองส่งเสริมการมีส่วนร่วมต่อการเปลี่ยนแปลงสภาพภูมิอากาศและสิ่งแวดล้อม","greenNational@deqp.mail.go.th","2014-01-01","2021-07-30","ข้อมูลสาธารณะ","ไทย","ตำบล","ปี","อื่นๆ","GreenNationalPark, รายชื่ออุทยานแห่งชาติ, อุทยานแห่งชาติที่รับรองสถานะ, อุทยานแห่งชาติสีเขียว","CSV, PDF","https://dgf.dcce.go.th/dataset/8435d83e-b8d1-4d5b-90bc-f8355f658f2a/resource/1add4c9b-e23a-4157-bf3a-91ed0a689e0d/download/green-national-park.csv, https://dgf.dcce.go.th/dataset/8435d83e-b8d1-4d5b-90bc-f8355f658f2a/resource/a355c257-9de2-4a0b-985c-bece8ffd9a11/download/-2560-3-2560.pdf"
"c04ce150-559a-43f1-9765-a03c60a1418e","db0103-002","โรงแรมที่เป็นมิตรกับสิ่งแวดล้อม (Green Hotel)","โรงแรมที่เป็นมิตรกับสิ่งแวดล้อม สถานประกอบการประเภทที่พักซึ่งมีการใช้ทรัพยากรและพลังงานอย่างคุ้มค่าและมีประสิทธิภาพ มีการจัดการมลพิษและสิ่งแวดล้อมที่ดี มีส่วนร่วมในการสืบสานศิลปวัฒนธรรมภูมิปัญญาท้องถิ่น และมีส่วนร่วมในการพัฒนาท้องถิ่น"," กองส่งเสริมการมีส่วนร่วมต่อการเปลี่ยนแปลงสภาพภูมิอากาศและสิ่งแวดล้อม","greenhotel.deqp64@gmail.com","2013-01-01","2021-07-30","ข้อมูลสาธารณะ","ไทย","ตำบล","ปี","อื่นๆ","GreenHotel, เป็นมิตรกับสิ่งแวดล้อม, โรงแรมที่เป็นมิตรกับสิ่งแวดล้อม","CSV","https://dgf.dcce.go.th/dataset/c04ce150-559a-43f1-9765-a03c60a1418e/resource/d13e3be5-9020-4a78-9a7e-760b2dcbf6be/download/green-hotel.csv"
"f79491a3-0948-4e55-a66b-e06b8ea1e36d","db0103-001","ข้อมูลสำนักงานสีเขียว (Green Office)","เป็นข้อมูลรายชื่อสำนักงานที่ได้รับรางวัล Green office โดยแบ่งรางวัลออกเป็น 3 ระดับ คือ ระดับทอง ระดับเงิน และระดับทองแดง"," กองส่งเสริมการมีส่วนร่วมต่อการเปลี่ยนแปลงสภาพภูมิอากาศและสิ่งแวดล้อม","gogreen1661@gmail.com","2014-01-01","2021-07-30","ข้อมูลสาธารณะ","ไทย, อังกฤษ","ตำบล","ปี","อื่นๆ","Greeen Office, สำนักงานสีเขียว","CSV","https://dgf.dcce.go.th/dataset/f79491a3-0948-4e55-a66b-e06b8ea1e36d/resource/b10eef95-a7ad-4340-8978-82b765c03c20/download/greenoffice.csv"
"34c62d52-5ac1-4c3d-bb49-6a2053558eb7","https-datacenter-deqp-go-th-ngos-report-statistic-member-register-year","องค์กรพัฒนาเอกชนด้านสิ่งแวดล้อม","เป็นข้อมูลจำนวนองค์กรเอกชนด้านการคุ้มครองทรัพยากรธรรมชาติและสิ่งแวดล้อมที่ขึ้นทะเบียนกับกรมส่งเสริมคุณภาพสิ่งแวดล้อม 
","กลุ่มความร่วมมือองค์กรเอกชน  กองส่งเสริมการมีส่วนร่วมต่อการเปลี่ยนแปลงสภาพภูมิอากาศและสิ่งแวดล้อม","ngos.deqp@gmail.com","2022-07-11T03:53:21.974882","2022-07-11","ข้อมูลสาธารณะ","ไทย","ไม่มี","ปี","พันธกิจหน่วยงาน","พัฒนาด้านสิ่งแวดล้อม, องค์กรพัฒนาด้านสิ่งแวดล้อม, องค์กรพัฒนาสิ่งแวดล้อม, องค์กรเอกชนด้านสิ่งแวดล้อม","CSV","https://dgf.dcce.go.th/dataset/34c62d52-5ac1-4c3d-bb49-6a2053558eb7/resource/62477eac-9caa-4d99-b066-98ccaf8fb141/download/private-sector.csv"
"9223f858-3d20-4442-b931-24b7808c5e44","db0104-002","ต้นแบบเมืองน่าอยู่คู่อุตสาหกรรรมเชิงนิเวศ","ท้องถิ่นที่มีการพัฒนาอย่างยั่งยืน ภายใต้องค์ประกอบ 4 ด้าน เมืองอยู่ดี คนมีสุข สิ่งแวดล้อมยั่งยืน และเมืองแห่งการเรียนรู้และการบริหารจัดการที่ดี และมีพื้นที่เชื่อมโยงกับเขตเมืองอุตสาหกรรมเชิงนิเวศ เกิดความสมดุลของเศรษฐกิจ สังคม และสิ่งแวดล้อม สะท้อนความน่าอยู่ในทุกๆ ด้าน","กลุ่มส่งเสริมการพัฒนาที่ยั่งยืน  กองส่งเสริมการมีส่วนร่วมต่อการเปลี่ยนแปลงสภาพภูมิอากาศและสิ่งแวดล้อม","la21.deqp@gmail.com","2020-01-01","2021-07-30","ข้อมูลสาธารณะ","ไทย","เทศบาล/อบต.","ปี","ยุทธศาสตร์ชาติ","ต้นแบบเมืองน่าอยู่, อุตสาหกรรมเชิงนิเวศ, เมืองน่าอยู่, เมืองน่าอยู่คู่อุตสาหกรรมเชิงนิเวศ","CSV","https://dgf.dcce.go.th/dataset/9223f858-3d20-4442-b931-24b7808c5e44/resource/decbe67a-b6f3-4f20-978e-5d9c974f4f3b/download/industrial.csv"
"26b9a947-5c46-48de-9aca-55ad5ce639af","green-production","สถานประกอบการที่ผ่านเกณฑ์การประเมินผลิตภัณฑ์ที่เป็นมิตรกับสิ่งแวดล้อม","ข้อมูลแสดงจำนวนสถานประกอบการที่ผ่านเกณฑ์การประเมินผลิตภัณฑ์ที่เป็นมิตรกับสิ่งแวดล้อม ซึ่งมีทั้งเกณฑ์ ดีเยี่ยม ดีมาก ดี"," กองส่งเสริมการมีส่วนร่วมต่อการเปลี่ยนแปลงสภาพภูมิอากาศและสิ่งแวดล้อม","GGreen.GreenProduction@gmail.com","2022-07-11T07:35:24.869626","2022-07-11","ข้อมูลสาธารณะ","ไทย","ไม่มี","ปี","พันธกิจหน่วยงาน","ผลิตภัณฑ์ที่เป็นมิตรกับสิ่งแวดล้อม, สถานประกอบการที่ผ่านเกณฑ์ประเมิน, สถานประกอบการที่เป็นมิตรกับสิ่งแวดล้อม, สถิติทรัพยากรธรรมชาติและสิ่งแวดล้อม, สถิติทางการ, เกณฑ์ประเมินผลิตภัณฑ์","CSV","https://dgf.dcce.go.th/dataset/26b9a947-5c46-48de-9aca-55ad5ce639af/resource/352456df-cbf1-414e-ad7d-e100ae78963a/download/green-production_name.csv"
"c2840295-970a-4b04-bfdc-67398a239d58","https-dgf-deqp-go-th-dataset","สมาชิกเครือข่ายอาสาสมัครพิทักษ์ทรัพยากรธรรมชาติและสิ่งแวดล้อม","รวบรวมจากข้อมูลสมาชิกเครือข่ายอาสาสมัครพิทักษ์ทรัพยากรธรรมชาติ และสิ่งแวดล้อม ที่ทำงานอนุรักษ์และฟื้นฟูด้านทรัพยากรธรรมชาติและสิ่งแวดล้อม ในท้องถิ่นของตนเอง"," กองส่งเสริมการมีส่วนร่วมต่อการเปลี่ยนแปลงสภาพภูมิอากาศและสิ่งแวดล้อม","data_deqp@hotmail.com","2022-07-12T07:09:16.273543","2022-07-12","ข้อมูลสาธารณะ","ไทย","ไม่มี","ปี","พันธกิจหน่วยงาน","อาสาสมัครพิทักษ์ทรัยพยากรธรรมชาติและสิ่งแวดล้อม","CSV","https://dgf.dcce.go.th/dataset/c2840295-970a-4b04-bfdc-67398a239d58/resource/8351330a-dd64-4d17-a07c-2eab3c75b4a4/download/os_21020800_0201_01tsm.csv"
"e959b75e-1c44-4478-904d-50c8a078f804","db0103-005","ข้อมูลภัตตาคารและร้านอาหารที่เป็นมิตรกับสิ่งแวดล้อม (Green Restaurant)","เป็นข้อมูลรายชื่อภัตตาคารและร้านอาหารทั่ได้รับการรับรองเป็นมิตรกับสิ่งแวดล้อม"," กองส่งเสริมการมีส่วนร่วมต่อการเปลี่ยนแปลงสภาพภูมิอากาศและสิ่งแวดล้อม","greenrestaurant@deqp.mail.go.th","2018-10-01","2021-01-31","ข้อมูลสาธารณะ","ไทย, อังกฤษ","ตำบล","ปี","เพื่อการให้บริการประชาชน, พันธกิจหน่วยงาน","Green Restaurant, ร้านอาหารที่เป็นมิตรกับสิ่งแวดล้อม","CSV","https://dgf.dcce.go.th/dataset/e959b75e-1c44-4478-904d-50c8a078f804/resource/ed56ae61-fba9-4316-b4c6-647417d3938e/download/restaurant.csv"
"d728d300-8a1f-4fa6-880f-5a8244269930","db0102-003","ข้อมูลผู้ผ่านการพัฒนาศักยภาพเครือข่ายอาสาสมัครพิทักษ์ทรัพยากรธรรมชาติและสิ่งแวดล้อม","ผู้ผ่านการพัฒนาศักยภาพ"," กองส่งเสริมการมีส่วนร่วมต่อการเปลี่ยนแปลงสภาพภูมิอากาศและสิ่งแวดล้อม","tms_deqp@hotmail.com","2020-01-01","2021-07-30","ข้อมูลสาธารณะ","ไทย","จังหวัด","ปี","ยุทธศาสตร์ชาติ, แผนพัฒนาเศรษฐกิจและสังคมแห่งชาติ, เพื่อการให้บริการประชาชน, พันธกิจหน่วยงาน","ผู้ผ่านการพัฒนาศักยภาพ, พัฒนาศักยภาพอาสาสมัคร, พัฒนาศักยภาพเครือข่าย, พิทักษ์สิ่งแวดล้อมหมู่บ้าน, ศักยภาพอาสาสมัคร, อาสาสมัครสิ่งแวดล้อมหมู่บ้าน, อาสาสมัครหมู่บ้าน","CSV","https://dgf.dcce.go.th/dataset/d728d300-8a1f-4fa6-880f-5a8244269930/resource/0cb3d524-2ca9-4d79-b758-9e73984a7fe3/download/tsm-2565.csv"
"419df504-97f6-4263-b765-bb060fab0045","db0103-004","ข้อมูลศาสนสถานที่เป็นมิตรกับสิ่งแวดล้อม (Green Religion)","เป็นข้อมูลรายชื่อวัดที่ผ่านเกณฑ์การจัดการสิ่งแวดล้อมของกรมส่งเสริมคุณภาพสิ่งแวดล้อม"," กองส่งเสริมการมีส่วนร่วมต่อการเปลี่ยนแปลงสภาพภูมิอากาศและสิ่งแวดล้อม","deqp_ptcs@hotmail.com","2010-01-01","2021-07-30","ข้อมูลสาธารณะ","ไทย","ตำบล","ปี","กฎหมายที่เกี่ยวข้อง, อื่นๆ","วัด, วัดจัดการสิ่งแวดล้อม, วัดผ่านเกณฑ์ประเมินการจัดการสิ่งแวดล้อม, สิ่งแวดล้อม","CSV","https://dgf.dcce.go.th/dataset/419df504-97f6-4263-b765-bb060fab0045/resource/58fea9f3-95f3-4d4f-a43d-6e6cd6d44d52/download/religion.csv"
"b9aa7a90-342a-4489-86cf-f0c81fe6e57b","db0104-001","ข้อมูลต้นแบบเมืองสิ่งแวดล้อมยั่งยืน","ข้อมูลของเมืองที่ได้รับรางวัลชนะเลิศเทศบาลด้านสิ่งแวดล้อมยั่งยืน และเป็นต้นแบบเมืองสิ่งแวดล้อมยั่งยืน"," กองส่งเสริมการมีส่วนร่วมต่อการเปลี่ยนแปลงสภาพภูมิอากาศและสิ่งแวดล้อม","deqp_la21@live.com","2004-01-01","2021-01-01","ข้อมูลสาธารณะ","ไทย","พิกัด","ปี","แผนพัฒนาเศรษฐกิจและสังคมแห่งชาติ","รางวัลชนะเลิศเทศบาลด้านสิ่งแวดล้อมยั่งยืน, รางวัลชนะเลิศเทศบาลน่าอยู่อย่างยั่งยืน, เมืองต้นแบบสิ่งแวดล้อมยั่งยืน","CSV","https://dgf.dcce.go.th/dataset/b9aa7a90-342a-4489-86cf-f0c81fe6e57b/resource/81dd847a-ff19-4277-9214-7dda583a61fa/download/green-city1.csv"
"b079ad06-42fa-45db-b767-f8772a4a1b59","db0102_003","เครือข่ายอาสาสมัครพิทักษ์ทรัพยากรธรรมชาติและสิ่งแวดล้อมหมู่บ้านดีเด่น","รายชื่อเครือข่าย ทสม. ดีเด่นและผลงานด้านการจัดการขยะมูลฝอย"," กองส่งเสริมการมีส่วนร่วมต่อการเปลี่ยนแปลงสภาพภูมิอากาศและสิ่งแวดล้อม","tsm_datacenter@deqp.mail.go.th","2015-01-01","2023-03-16","ข้อมูลสาธารณะ","ไทย","ตำบล","ปี","พันธกิจหน่วยงาน","เครือข่าย ทสม. ดีเด่น, เครือข่ายด้านการจัดการขยะมูลฝอย","CSV","https://dgf.dcce.go.th/dataset/b079ad06-42fa-45db-b767-f8772a4a1b59/resource/c5237afb-9ef5-4edc-8c03-82438f18ead3/download/tsm-network_waste-management-.csv"
"89afa2b3-0203-408c-ab03-5a923937c06b","db0102_004","อาสาสมัครพิทักษ์ทรัพยากรธรรมชาติและสิ่งแวดล้อมหมู่บ้านดีเด่น","รายชื่อทสม. ดีเด่นและผลงานด้านการจัดการขยะมูลฝอย"," กองส่งเสริมการมีส่วนร่วมต่อการเปลี่ยนแปลงสภาพภูมิอากาศและสิ่งแวดล้อม","tsm_datacenter@deqp.mail.go.th","2015-01-01","2023-03-16","ข้อมูลสาธารณะ","ไทย","ตำบล","ปี","พันธกิจหน่วยงาน","ทสม.ดีเด่น, ทสม.ด้านการจัดการขยะมูลฝอย","CSV","https://dgf.dcce.go.th/dataset/89afa2b3-0203-408c-ab03-5a923937c06b/resource/dbf7bdc6-807a-4a80-851e-116820c242e2/download/tsm_waste-management.csv"
"132bb475-f286-4c80-bca1-d62817842ff3","db0107_001","ศูนย์เรียนรู้ด้านการจัดการขยะ","รายชื่อศูนย์เรียนรู้ด้านการจัดการขยะ","กองขับเคลื่อนการปรับตัวตอการเปลี่ยแปลงสภาพภูมิอากาศและสิ่งแวดล้อม","deqp.ksk@gmail.com","2017-01-01","2023-03-16","ข้อมูลสาธารณะ","ไทย","จังหวัด","ปี","พันธกิจหน่วยงาน","ศูนย์เรียนรู้ด้านการจัดการขยะ","CSV","https://dgf.dcce.go.th/dataset/132bb475-f286-4c80-bca1-d62817842ff3/resource/4054a6f9-d0e1-44f0-92b1-c6aebb28a663/download/waste-management-learning-center.csv"
"76eab2a6-cba0-4be4-a3c5-6ec9fee5d0b7","db0105-001","รายชื่อวิทยากรด้านการจัดการขยะโดยชุมชน","รายชื่อวิทยากรด้านการจัดการขยะโดยชุมชน","ศูนย์วิจัยด้านการเปลี่ยนแปลงสภาพภูมิอากาศและสิ่งแวดล้อม","training2@deqp.mail.go.th","2015-01-01","2023-03-09","ข้อมูลสาธารณะ","ไทย","ไม่มี","ปี","พันธกิจหน่วยงาน","การจัดการขยะโดยชุมชน, วิทยากรด้านการจัดการขยะ","CSV","https://dgf.dcce.go.th/dataset/76eab2a6-cba0-4be4-a3c5-6ec9fee5d0b7/resource/7508a2d9-33f8-4f3f-a269-cd4d52982cb9/download/lecturer_waste-management.csv"
