node_id,node_title_th,requirement_item,btr_tag
SIT-1.1.1,ภาพรวมความเสี่ยงจากการเปลี่ยนแปลงสภาพภูมิอากาศในประเทศไทย,ประวัติศาสตร์และแนวโน้มภัยธรรมชาติของประเทศ,
SIT-1.1.1,ภาพรวมความเสี่ยงจากการเปลี่ยนแปลงสภาพภูมิอากาศในประเทศไทย,กรอบแนวคิดและนิยามความเสี่ยงตามมาตรฐาน IPCC (Hazard Exposure Vulnerability),"2, MUST"
SIT-1.1.1,ภาพรวมความเสี่ยงจากการเปลี่ยนแปลงสภาพภูมิอากาศในประเทศไทย,ความเข้าใจความเสี่ยงทางกายภาพ (Physical Risk) และความเสี่ยงจากการเปลี่ยนผ่าน (Transition Risk),"2, MUST"
SIT-1.1.1,ภาพรวมความเสี่ยงจากการเปลี่ยนแปลงสภาพภูมิอากาศในประเทศไทย,แผนภาพและบัตรข้อมูลสรุปความเสี่ยงระดับชาติ (National Risk Profile Summary Cards),
SIT-1.1.2,ความเสี่ยงสำคัญ และลำดับความสำคัญในการปรับตัวของประเทศไทย,พื้นที่เป้าหมายวิกฤต (Hotspots) รายสาขาและระดับภูมิภาค,"2, MUST"
SIT-1.1.2,ความเสี่ยงสำคัญ และลำดับความสำคัญในการปรับตัวของประเทศไทย,สรุปสาระสำคัญของแผนการปรับตัวต่อการเปลี่ยนแปลงสภาพภูมิอากาศระดับชาติ (NAP Summary),"1, MUST"
SIT-1.1.2,ความเสี่ยงสำคัญ และลำดับความสำคัญในการปรับตัวของประเทศไทย,ตัวอย่างมาตรการปรับตัวเด่นเชิงรุกที่มีความคุ้มค่าสูง,
SIT-1.2,สืบค้นข้อมูลรายพื้นที่,Search Hierarchy: รองรับการค้นหารายระดับการปกครอง (จังหวัด -> อำเภอ -> ตำบล),
SIT-1.2,สืบค้นข้อมูลรายพื้นที่,Map Integration: แสดงตำแหน่งและขอบเขตการปกครองซ้อนทับบนแผนที่ความเสี่ยงเชิงพื้นที่ (Spatial Risk Map),"2, MUST"
SIT-1.2,สืบค้นข้อมูลรายพื้นที่,Quick-view Dashboard: แสดงบัตรข้อมูลสรุปความเปราะบางเฉพาะจุด ภัยคุกคามหลัก และมาตรการที่แนะนำในเบื้องต้น,
SIT-2.1,สถานการณ์การเปลี่ยนแปลงสภาพภูมิอากาศของประเทศ,สถิติเหตุการณ์อากาศสุดขั้วในอดีต (อุณหภูมิสูงสุด-ต่ำสุด สถิติปริมาณฝนสะสม),
SIT-2.1,สถานการณ์การเปลี่ยนแปลงสภาพภูมิอากาศของประเทศ,ฐานข้อมูลสถิติความสูญเสียและความเสียหายทางเศรษฐกิจระดับชาติ (Macroeconomic Loss & Damage Database),"5, MUST"
SIT-2.1,สถานการณ์การเปลี่ยนแปลงสภาพภูมิอากาศของประเทศ,สรุปแนวโน้มภัยคุกคามและการเปิดรับภัยของประเทศ (Exposure Trends),"2, MUST"
SIT-2.2,สรุปโปรไฟล์ของความเสี่ยงรายพื้นที่และรายภาคส่วน,สรุปโปรไฟล์ความเสี่ยงและความเปราะบางรายพื้นที่ (รายภูมิภาค 77 จังหวัด และระดับท้องถิ่น/อปท.),"2, MUST"
SIT-2.2,สรุปโปรไฟล์ของความเสี่ยงรายพื้นที่และรายภาคส่วน,สรุปโปรไฟล์ความเสี่ยงเฉพาะสาขาเป้าหมายหลัก 6 สาขา (เกษตรกรรม น้ำ สาธารณสุข ท่องเที่ยว ป่าไม้/ระบบนิเวศ พลังงานและการตั้งถิ่นฐาน),"2, MUST"
SIT-2.3,เครื่องมือทางนโยบาย กฎหมาย และการเงิน,สถานะการดำเนินการและแผนดำเนินงานภายใต้ พ.ร.บ. การเปลี่ยนแปลงสภาพภูมิอากาศ (พ.ร.บ. โลกร้อน),"1, MUST"
SIT-2.3,เครื่องมือทางนโยบาย กฎหมาย และการเงิน,สรุปมาตรการทางกฎหมายและนโยบายที่ส่งเสริมการปรับตัว (พ.ร.บ. ป้องกันและบรรเทาสาธารณภัย กฎกระทรวงผังเมือง),"1, MUST"
SIT-2.3,เครื่องมือทางนโยบาย กฎหมาย และการเงิน,ระบบรับรองความเป็นทางการของเครื่องมือการวิเคราะห์การหลีกเลี่ยงความสูญเสีย (Avoided Losses Certification Model),"3, MUST"
SIT-2.3.1,แหล่งทุนและการติดตามงบประมาณปรับตัว,รายการแหล่งทุนภาครัฐ/เอกชน/ต่างประเทศ และคู่มือวิเคราะห์ความคุ้มค่าโครงการเพื่อประกอบการจัดทำงบประมาณชี้แจง สตง.,"4, MUST"
SIT-2.3.1,แหล่งทุนและการติดตามงบประมาณปรับตัว,รายงานสถิติการจัดสรรงบประมาณแผ่นดินสำหรับการปรับตัวและ Climate Budget Tagging,"4, SHOULD"
SIT-2.3.1,แหล่งทุนและการติดตามงบประมาณปรับตัว,การติดตามการรับเงินช่วยเหลือ เทคโนโลยี และความช่วยเหลือด้านวิชาการจากต่างประเทศ (GCF AF GEF),"4, MUST"
SIT-2.3.1,แหล่งทุนและการติดตามงบประมาณปรับตัว,การประเมินและการดึงดูดการมีส่วนร่วมของภาคการเงินและภาคเอกชนในการจัดหาทุนเพื่อการปรับตัว,"4, SHOULD"
SIT-2.3.2,กลไกเชิงสถาบันและการประสานงาน,บทบาทและหน้าที่ของ DCCE ในฐานะจุดประสานงานกลางของประเทศ,"1, MUST"
SIT-2.3.2,กลไกเชิงสถาบันและการประสานงาน,โครงสร้างคณะกรรมการนโยบายการเปลี่ยนแปลงสภาพภูมิอากาศแห่งชาติ และคณะอนุกรรมการรายสาขา,"1, MUST"
SIT-2.3.2,กลไกเชิงสถาบันและการประสานงาน,กลไกการประสานงานและบูรณาการการดำเนินงานปรับตัวระหว่างหน่วยงานรัฐระดับชาติและระดับท้องถิ่น (อปท.),"1, MUST"
SIT-2.3.2,กลไกเชิงสถาบันและการประสานงาน,ช่องทางและสถิติการมีส่วนร่วมของภาคประชาสังคม ภาคเอกชน และสถาบันวิชาการในวงจรการปรับตัว,"1, SHOULD"
SIT-2.4,บริการข้อมูลสำหรับการวางแผน,สถิติและดัชนีความเปราะบางระดับท้องถิ่น (Local Vulnerability & Adaptive Capacity Indices),"2, MUST"
SIT-2.4,บริการข้อมูลสำหรับการวางแผน,แผนที่ความเสี่ยงเชิงพื้นที่แบบบูรณาการ (Integrated Spatial Risk Maps),
SIT-2.4,บริการข้อมูลสำหรับการวางแผน,แนวทางและข้อกำหนดความปลอดภัยข้อมูลระดับประเทศสำหรับการสืบค้นเชิงวิชาการ,
SIT-3.1.1,ข้อมูลสังเกตุการณ์,ชุดข้อมูลสภาพอากาศรายสถานีสังเกตการณ์ระยะสั้นและระยะกลาง (ความร่วมมือกรมอุตุนิยมวิทยา),
SIT-3.1.1,ข้อมูลสังเกตุการณ์,ชุดข้อมูลสังเกตการณ์ผ่านดาวเทียม (พื้นที่ป่าไม้ Land Cover แหล่งน้ำ แนวปะการังฟอกขาว),"2, MUST"
SIT-3.1.1,ข้อมูลสังเกตุการณ์,ข้อมูลการติดตามปรากฏการณ์สภาพภูมิอากาศที่มีนัยสำคัญระดับสากล (ENSO AMOC),"2, SHOULD"
SIT-3.1.2,ปัจจัยขับเคลื่อนทางภูมิอากาศ,ข้อมูล Climatology และตัวแปรทางสภาพภูมิอากาศที่สำคัญ (Temperature trends Rainfall intensity changes),"2, MUST"
SIT-3.1.2,ปัจจัยขับเคลื่อนทางภูมิอากาศ,คู่มือและบทอธิบายการใช้งานฉากทัศน์ภูมิอากาศ (Climate Scenarios),
SIT-3.1.2,ปัจจัยขับเคลื่อนทางภูมิอากาศ,คลังชุดข้อมูลคาดการณ์อนาคตความละเอียดสูงระดับประเทศ (Downscaled climate projections),"2, MUST"
SIT-3.1.3,ฉากทัศน์ภูมิอากาศในอนาคต,มาตรฐานการบริหารจัดการความไม่แน่นอนและแนวทางการเลือกชุดข้อมูลคาดการณ์อนาคต (National Climate Uncertainty Governance Standard),"2, MUST"
SIT-3.1.3,ฉากทัศน์ภูมิอากาศในอนาคต,ตัวอย่างกรณีศึกษาการประยุกต์ใช้แบบจำลองคาดการณ์สภาพภูมิอากาศในการวางแผนกลยุทธ์ระยะยาว,
SIT-3.2.1,การวิเคราะห์ความเปราะบางและการเปิดรับภัย,บทนิยามและแนวคิดเชิงทฤษฎี (Exposure Sensitivity Adaptive Capacity Resilience),
SIT-3.2.1,การวิเคราะห์ความเปราะบางและการเปิดรับภัย,คลังแบบจำลองฟังก์ชันความเสียหาย (Damage Functions) รายภาคส่วนสำหรับการประเมินภัย,"2, MUST"
SIT-3.2.2,การวิเคราะห์ความเสี่ยง,กรอบแนวทางและขั้นตอนการประเมินความเสี่ยงที่เป็นมาตรฐานเดียวกันของประเทศ,
SIT-3.2.2,การวิเคราะห์ความเสี่ยง,ผลวิเคราะห์ความเสี่ยงรายสาขา (ความมั่นคงทางอาหาร ความมั่นคงด้านน้ำ ผลกระทบต่อสุขภาพจากภัยความร้อน ความเสี่ยงต่อการชะงักทางธุรกิจของ SME),"2, MUST"
SIT-3.2.2.1,การติดตามภัยคุกคามที่เกิดขึ้นช้า,รายงานสถิติและการประเมินภัยคุกคามระยะยาวที่เกิดขึ้นอย่างช้าๆ (การเพิ่มขึ้นของอุณหภูมิเฉลี่ย การเปลี่ยนแปลงคาบการกระจายน้ำฝน),"5, MUST"
SIT-3.2.2.1,การติดตามภัยคุกคามที่เกิดขึ้นช้า,ข้อมูลอัตราการเพิ่มขึ้นของระดับน้ำทะเล (Sea-Level Rise) ตลอดแนวชายฝั่งไทยและบริเวณอ่าวไทย,"5, MUST"
SIT-3.2.2.1,การติดตามภัยคุกคามที่เกิดขึ้นช้า,ข้อมูลการทรุดตัวของแผ่นดิน (Land Subsidence) ในเขตกรุงเทพมหานครและปริมณฑล และการหนุนของน้ำเค็ม (Salinity Intrusion),"5, MUST"
SIT-3.2.2.1,การติดตามภัยคุกคามที่เกิดขึ้นช้า,ดัชนีการกัดเซาะชายฝั่งและการสูญเสียพื้นที่ชายหาดเชิงสถิติ,"5, SHOULD"
SIT-3.2.3,ผลกระทบลูกโซ่,แผนภูมิแสดงแนวคิดผลกระทบเชื่อมโยงแบบลูกโซ่ (Multi-hazard Impact Chain Analysis),"2, MUST"
SIT-3.2.3,ผลกระทบลูกโซ่,กรณีศึกษาแบบจำลอง Impact Chain ในภาคส่วนเกษตรกรรมและการตั้งถิ่นฐานเมือง,
SIT-3.2.4,ความสูญเสียและความเสียหาย,กรอบทฤษฎี Loss and Damage ภายใต้กรอบอนุสัญญา UNFCCC,"5, MUST"
SIT-3.2.4,ความสูญเสียและความเสียหาย,แดชบอร์ดสรุปสถิติความสูญเสียทางเศรษฐกิจและทางกายภาพจากภัยสภาพอากาศในอดีต,"5, MUST"
SIT-3.2.4,ความสูญเสียและความเสียหาย,การบันทึกสถิติความสูญเสียที่ไม่ใช่เศรษฐกิจ (สุขภาพจิต ความหลากหลายทางชีวภาพ มรดกวัฒนธรรมที่สูญหาย),"5, SHOULD"
SIT-3.2.5,กรอบทฤษฎีและเอกสารคู่มือ,ระเบียบวิธีและเอกสารมาตรฐาน (Manuals) การประเมินความเสี่ยง ผลกระทบ และการคำนวณ Loss and Damage ของหน่วยงานรัฐ,"5, MUST"
SIT-3.3.1,แนวทางการวางแผนและการออกแบบโครงการแบบมีส่วนร่วม,ระเบียบวิธีประเมินต้นทุนและผลประโยชน์ (Cost-Benefit Analysis) และ Avoided Losses Calculus,"3, MUST"
SIT-3.3.1,แนวทางการวางแผนและการออกแบบโครงการแบบมีส่วนร่วม,แนวปฏิบัติการบูรณาการมิติด้านเพศวิถี ความเท่าเทียมทางเพศ และสิทธิมนุษยชนในมาตรการปรับตัว (GESI),"3, SHOULD"
SIT-3.3.1,แนวทางการวางแผนและการออกแบบโครงการแบบมีส่วนร่วม,ข้อมูลมาตรการคุ้มครองและช่วยเหลือกลุ่มเปราะบาง (เด็ก ผู้สูงอายุ ผู้พิการ ชุมชนชายแดน/ชายฝั่ง),"3, SHOULD"
SIT-3.3.1,แนวทางการวางแผนและการออกแบบโครงการแบบมีส่วนร่วม,การประยุกต์ใช้ภูมิปัญญาท้องถิ่น องค์ความรู้ดั้งเดิม และมรดกทางวัฒนธรรมในการปรับตัวของชุมชน,"3, SHOULD"
SIT-3.3.2,เส้นทางกลยุทธ์การปรับตัวของประเทศ,แผนภาพและเส้นทางกลยุทธ์การดำเนินงาน (NAP Roadmap Execution Staging),"3, MUST"
SIT-3.3.2,เส้นทางกลยุทธ์การปรับตัวของประเทศ,รายงานอุปสรรคเชิงระบบจำแนกรายสาขา (Systemic Barriers: ข้อจำกัดด้านข้อมูล ปัญหาการประสานงานเชิงสถาบัน อุปสรรคด้านทรัพยากรการเงิน),"3, MUST"
SIT-3.3.2,เส้นทางกลยุทธ์การปรับตัวของประเทศ,รายการความต้องการความช่วยเหลือและการสนับสนุนทางการเงิน เทคโนโลยี และการพัฒนาขีดความสามารถ,"3, MUST"
SIT-3.3.2,เส้นทางกลยุทธ์การปรับตัวของประเทศ,ความต้องการการพัฒนาบุคลากรในการเขียนข้อเสนอโครงการเพื่อขอรับทุนสนับสนุนภูมิอากาศโลก,"3, SHOULD"
SIT-3.3.3,ห้องสมุดมาตรการปรับตัวตามสาขา,ระบบสืบค้นและคัดกรองมาตรการเชิงเทคนิคและนโยบาย (Searchable Database) จำแนกตามภัย ภาคส่วน และงบประมาณ,
SIT-3.3.3,ห้องสมุดมาตรการปรับตัวตามสาขา,รายการมาตรการแบบผสมผสานระหว่างมาตรการวิศวกรรมโครงสร้าง (Grey Infrastructure) และ Nature-based Solutions (NBS),
SIT-3.3.4,กรณีศึกษาการวางแผนการปรับตัว,คลังข้อมูลแผนจัดการความเสี่ยงสภาพภูมิอากาศและนโยบายเชิงสถาบันของท้องถิ่นและภาคเอกชน,
SIT-3.3.5,โครงการที่กำลังดำเนินการ,ระบบติดตามสถานะและการดำเนินงานโครงการปรับตัวของประเทศ (โครงการประกันภัยพืชผล Agri-Map การปรับปรุงโครงสร้างควบคุมน้ำ),"4, SHOULD"
SIT-3.3.5,โครงการที่กำลังดำเนินการ,ตัวชี้วัดความพร้อมของโครงการงบประมาณ,
SIT-3.4.1,แนวทางการติดตามและประเมินผลการปรับตัว,กรอบการวิเคราะห์ระดับความก้าวหน้าทางเทคโนโลยีและนวัตกรรมปรับตัว (Technology Readiness Levels),"4, SHOULD"
SIT-3.4.1,แนวทางการติดตามและประเมินผลการปรับตัว,ความเชื่อมโยงกับตัวชี้วัดเป้าหมายการปรับตัวระดับโลก (Global Goal on Adaptation Indicators),"4, MUST"
SIT-3.4.2,ระบบฐานข้อมูลด้านการติดตามและประเมินผลของประเทศไทย,ดัชนีติดตามความก้าวหน้าและระดับการลดความเปราะบางรายภาคส่วนและรายจังหวัด (National M&E Tracker),"4, MUST"
SIT-3.4.3,กรณีศึกษาโครงการปรับตัวที่ประสบความสำเร็จ,คลังบทเรียนโครงการเด่น ถอดบทเรียนความสำเร็จ อุปสรรค และแนวทางปฏิบัติที่เป็นเลิศ,"6, SHOULD"
SIT-4.1,บัญชีข้อมูล,ระบบสืบค้นชุดข้อมูลดิบ (Raw Datasets) ผลิตภัณฑ์วิเคราะห์ข้อมูล และข้อมูลอธิบาย (Metadata Directory) ตามเกณฑ์มาตรฐานความมั่นคงปลอดภัย,
SIT-4.2,Visualization and Analytics Application,ระบบโปรแกรมประยุกต์แสดงแผนที่ภัยและวิเคราะห์ความเสี่ยงเชิงโต้ตอบ สำหรับดึงตัวแปรไปใช้งานวิศวกรรมโยธา (ค่าคาดการณ์ปริมาณฝนและอุณหภูมิระดับแปลง Design Curves/IDF Curves),"2, MUST"
SIT-4.3,ศูนย์รวมเครื่องมือและแหล่งข้อมูลภายนอก,จุดเชื่อมต่อไปยังพอร์ทัลข้อมูลระดับสากลและพอร์ทัลเฉพาะทาง (TMD Weather API GISTDA Geo-Informatics Portal Copernicus Climate Data Store),
SIT-5.1,ประกาศและกิจกรรมการมีส่วนร่วม,ระบบกระจายข่าวสารการอัปเดตข้อมูล กิจกรรมอบรมเชิงปฏิบัติการ (Workshops) ในการวิเคราะห์และตีความข้อมูลสภาพภูมิอากาศเพื่อการวางแผนเชิงพื้นที่,
SIT-5.2,ช่องทางการรับฟังข้อคิดเห็นและบริการผู้ใช้,แพลตฟอร์มรับเสียงสะท้อนจากหน่วยงานผู้ใช้งานในแบบที่เป็นระบบเพื่อปรับปรุงคุณภาพชุดข้อมูล ขยายขอบเขตการบริการ และทวนสอบการตอบสนองความต้องการเชิงสถาบัน,
